rank,item,repo_name,stars,forks,language,repo_url,username,issues,last_commit,description
1,top-100-stars,freeCodeCamp,317730,25151,JavaScript,https://github.com/freeCodeCamp/freeCodeCamp,freeCodeCamp,319,2020-12-17T02:52:12Z,freeCodeCamp.org's open source codebase and curriculum. Learn to code at home.
2,top-100-stars,996.ICU,252946,21107,Rust,https://github.com/996icu/996.ICU,996icu,16788,2020-12-12T06:57:19Z,Repo for counting stars and contributing. Press F to pay respect to glorious developers.
3,top-100-stars,vue,176824,27554,JavaScript,https://github.com/vuejs/vue,vuejs,551,2020-12-17T09:06:25Z,"ğŸ–– Vue.js is a progressive, incrementally-adoptable JavaScript framework for building UI on the web."
4,top-100-stars,free-programming-books,169046,39645,,https://github.com/EbookFoundation/free-programming-books,EbookFoundation,31,2020-12-17T06:31:12Z,:books: Freely available programming books
5,top-100-stars,react,160729,32009,JavaScript,https://github.com/facebook/react,facebook,681,2020-12-17T08:52:28Z,"A declarative, efficient, and flexible JavaScript library for building user interfaces."
6,top-100-stars,tensorflow,151610,83523,C++,https://github.com/tensorflow/tensorflow,tensorflow,4263,2020-12-17T13:14:47Z,An Open Source Machine Learning Framework for Everyone
7,top-100-stars,awesome,149074,19475,,https://github.com/sindresorhus/awesome,sindresorhus,49,2020-12-15T12:32:24Z,ğŸ˜ Awesome lists about all kinds of interesting topics
8,top-100-stars,coding-interview-university,147347,41388,,https://github.com/jwasham/coding-interview-university,jwasham,49,2020-12-17T08:20:34Z,A complete computer science study plan to become a software engineer.
9,top-100-stars,bootstrap,145871,71386,JavaScript,https://github.com/twbs/bootstrap,twbs,389,2020-12-17T13:12:46Z,"The most popular HTML, CSS, and JavaScript framework for developing responsive, mobile first projects on the web."
10,top-100-stars,developer-roadmap,139971,21026,,https://github.com/kamranahmedse/developer-roadmap,kamranahmedse,52,2020-11-22T21:16:13Z,Roadmap to becoming a web developer in 2020
11,top-100-stars,You-Dont-Know-JS,131246,26157,,https://github.com/getify/You-Dont-Know-JS,getify,117,2020-12-11T17:10:42Z,A book series on JavaScript. @YDKJS on twitter.
12,top-100-stars,ohmyzsh,120892,21164,Shell,https://github.com/ohmyzsh/ohmyzsh,ohmyzsh,706,2020-12-16T15:58:00Z,"ğŸ™ƒ  A delightful community-driven (with 1700+ contributors) framework for managing your zsh configuration. Includes nearly 300 optional plugins (rails, git, OSX, hub, capistrano, brew, ant, php, python, etc), over 140 themes to spice up your morning, and an auto-update tool so that makes it easy to keep up with the latest updates from the community."
13,top-100-stars,CS-Notes,117137,38105,Java,https://github.com/CyC2018/CS-Notes,CyC2018,52,2020-12-10T06:45:51Z,:books: æŠ€æœ¯é¢è¯•å¿…å¤‡åŸºç¡€çŸ¥è¯†ã€Leetcodeã€è®¡ç®—æœºæ“ä½œç³»ç»Ÿã€è®¡ç®—æœºç½‘ç»œã€ç³»ç»Ÿè®¾è®¡ã€Javaã€Pythonã€C++
14,top-100-stars,system-design-primer,115314,20829,Python,https://github.com/donnemartin/system-design-primer,donnemartin,168,2020-11-29T17:54:09Z,Learn how to design large-scale systems. Prep for the system design interview.  Includes Anki flashcards.
15,top-100-stars,gitignore,111631,60286,,https://github.com/github/gitignore,github,247,2020-12-16T23:17:16Z,A collection of useful .gitignore templates
16,top-100-stars,flutter,108983,15374,Dart,https://github.com/flutter/flutter,flutter,8240,2020-12-17T12:06:55Z,Flutter makes it easy and fast to build beautiful apps for mobile and beyond.
17,top-100-stars,vscode,107988,17430,TypeScript,https://github.com/microsoft/vscode,microsoft,4282,2020-12-17T13:19:34Z,Visual Studio Code
18,top-100-stars,public-apis,104332,12725,Python,https://github.com/public-apis/public-apis,public-apis,213,2020-12-17T05:56:13Z,A collective list of free APIs for use in software and web development.
19,top-100-stars,javascript,102922,19985,JavaScript,https://github.com/airbnb/javascript,airbnb,121,2020-12-17T05:24:00Z,JavaScript Style Guide
20,top-100-stars,linux,102382,34832,C,https://github.com/torvalds/linux,torvalds,324,2020-12-17T09:41:44Z,Linux kernel source tree
21,top-100-stars,Python-100-Days,97134,38971,Python,https://github.com/jackfrued/Python-100-Days,jackfrued,513,2020-12-17T08:45:16Z,Python - 100å¤©ä»æ–°æ‰‹åˆ°å¤§å¸ˆ
22,top-100-stars,d3,94942,22423,JavaScript,https://github.com/d3/d3,d3,7,2020-12-08T22:38:37Z,"Bring data to life with SVG, Canvas and HTML. :bar_chart::chart_with_upwards_trend::tada:"
23,top-100-stars,Python,94786,27631,Python,https://github.com/TheAlgorithms/Python,TheAlgorithms,43,2020-12-17T07:51:28Z,All Algorithms implemented in Python
24,top-100-stars,JavaGuide,93799,32449,Java,https://github.com/Snailclimb/JavaGuide,Snailclimb,32,2020-12-15T16:29:51Z,ã€ŒJavaå­¦ä¹ +é¢è¯•æŒ‡å—ã€ä¸€ä»½æ¶µç›–å¤§éƒ¨åˆ† Java ç¨‹åºå‘˜æ‰€éœ€è¦æŒæ¡çš„æ ¸å¿ƒçŸ¥è¯†ã€‚å‡†å¤‡ Java é¢è¯•ï¼Œé¦–é€‰ JavaGuideï¼
25,top-100-stars,react-native,92225,20340,JavaScript,https://github.com/facebook/react-native,facebook,1250,2020-12-17T12:16:34Z,A framework for building native apps with React.
26,top-100-stars,awesome-python,91316,17908,Python,https://github.com/vinta/awesome-python,vinta,110,2020-12-17T06:10:58Z,"A curated list of awesome Python frameworks, libraries, software and resources"
27,top-100-stars,build-your-own-x,90592,7977,,https://github.com/danistefanovic/build-your-own-x,danistefanovic,137,2020-12-07T20:47:18Z,ğŸ¤“ Build your own (insert technology here)
28,top-100-stars,javascript-algorithms,90014,15057,JavaScript,https://github.com/trekhleb/javascript-algorithms,trekhleb,184,2020-12-17T09:51:21Z,ğŸ“ Algorithms and data structures implemented in JavaScript with explanations and links to further readings
29,top-100-stars,electron,88142,11801,C++,https://github.com/electron/electron,electron,1530,2020-12-17T13:00:59Z,":electron: Build cross-platform desktop apps with JavaScript, HTML, and CSS"
30,top-100-stars,youtube-dl,85322,2995,Python,https://github.com/ytdl-org/youtube-dl,ytdl-org,3930,2020-12-17T09:06:28Z,Command-line program to download videos from YouTube.com and other video sites
31,top-100-stars,create-react-app,84624,20780,JavaScript,https://github.com/facebook/create-react-app,facebook,910,2020-12-16T13:37:39Z,Set up a modern web app by running one command.
32,top-100-stars,the-art-of-command-line,82017,9354,,https://github.com/jlevy/the-art-of-command-line,jlevy,183,2020-12-16T22:26:10Z,"Master the command line, in one page"
33,top-100-stars,axios,79885,7585,JavaScript,https://github.com/axios/axios,axios,269,2020-12-16T08:30:05Z,Promise based HTTP client for the browser and node.js
34,top-100-stars,go,79877,11616,Go,https://github.com/golang/go,golang,6594,2020-12-17T10:07:53Z,The Go programming language
35,top-100-stars,fucking-algorithm,76538,14541,,https://github.com/labuladong/fucking-algorithm,labuladong,105,2020-12-16T00:21:24Z,"åˆ·ç®—æ³•å…¨é å¥—è·¯ï¼Œè®¤å‡† labuladong å°±å¤Ÿäº†ï¼English version supported! Crack LeetCode, not only how, but also why. "
36,top-100-stars,node,75413,18814,JavaScript,https://github.com/nodejs/node,nodejs,1235,2020-12-17T13:20:44Z,Node.js JavaScript runtime :sparkles::turtle::rocket::sparkles:
37,top-100-stars,free-programming-books-zh_CN,72923,21883,,https://github.com/justjavac/free-programming-books-zh_CN,justjavac,7,2020-11-27T03:40:07Z,:books: å…è´¹çš„è®¡ç®—æœºç¼–ç¨‹ç±»ä¸­æ–‡ä¹¦ç±ï¼Œæ¬¢è¿æŠ•ç¨¿
38,top-100-stars,kubernetes,72794,26326,Go,https://github.com/kubernetes/kubernetes,kubernetes,2867,2020-12-17T13:23:42Z,Production-Grade Container Scheduling and Management
39,top-100-stars,deno,70409,3666,TypeScript,https://github.com/denoland/deno,denoland,672,2020-12-17T13:14:51Z,A secure JavaScript and TypeScript runtime
40,top-100-stars,terminal,70145,6399,C++,https://github.com/microsoft/terminal,microsoft,1170,2020-12-17T12:51:27Z,"The new Windows Terminal and the original Windows console host, all in the same place!"
41,top-100-stars,computer-science,69979,10266,,https://github.com/ossu/computer-science,ossu,9,2020-12-13T22:02:16Z,:mortar_board: Path to a free self-taught education in Computer Science!
42,top-100-stars,angular,68795,18192,TypeScript,https://github.com/angular/angular,angular,2835,2020-12-17T09:48:05Z,One framework. Mobile & desktop.
43,top-100-stars,animate.css,68625,15137,CSS,https://github.com/animate-css/animate.css,animate-css,8,2020-12-16T09:31:17Z,ğŸ¿ A cross-browser library of CSS animations. As easy to use as an easy thing.
44,top-100-stars,models,67668,43132,Python,https://github.com/tensorflow/models,tensorflow,1038,2020-12-17T05:59:47Z,Models and examples built with TensorFlow
45,top-100-stars,puppeteer,67465,6992,TypeScript,https://github.com/puppeteer/puppeteer,puppeteer,1355,2020-12-13T21:43:17Z,Headless Chrome Node.js API
46,top-100-stars,TypeScript,67007,8882,TypeScript,https://github.com/microsoft/TypeScript,microsoft,4909,2020-12-17T11:14:03Z,TypeScript is a superset of JavaScript that compiles to clean JavaScript output.
47,top-100-stars,30-seconds-of-code,66344,7335,JavaScript,https://github.com/30-seconds/30-seconds-of-code,30-seconds,3,2020-12-16T11:42:28Z,Short JavaScript code snippets for all your development needs
48,top-100-stars,three.js,65628,25984,JavaScript,https://github.com/mrdoob/three.js,mrdoob,591,2020-12-17T12:37:06Z,JavaScript 3D library.
49,top-100-stars,ant-design,65505,25704,TypeScript,https://github.com/ant-design/ant-design,ant-design,551,2020-12-17T09:59:17Z,ğŸŒˆ  A UI Design Language and React UI library
50,top-100-stars,Font-Awesome,64685,11206,JavaScript,https://github.com/FortAwesome/Font-Awesome,FortAwesome,5619,2020-11-25T18:05:30Z,"The iconic SVG, font, and CSS toolkit"
51,top-100-stars,material-ui,63617,19555,JavaScript,https://github.com/mui-org/material-ui,mui-org,452,2020-12-17T12:27:13Z,"React components for faster and simpler web development. Build your own design system, or start with Material Design."
52,top-100-stars,vue-element-admin,63078,22445,Vue,https://github.com/PanJiaChen/vue-element-admin,PanJiaChen,857,2020-12-11T03:26:36Z,:tada: A magical vue admin                                                                https://panjiachen.github.io/vue-element-admin
53,top-100-stars,laravel,63028,19997,PHP,https://github.com/laravel/laravel,laravel,30,2020-12-16T21:51:30Z,A PHP framework for web artisans
54,top-100-stars,java-design-patterns,62523,19887,Java,https://github.com/iluwatar/java-design-patterns,iluwatar,239,2020-12-13T15:35:38Z,Design patterns implemented in Java
55,top-100-stars,LeetCodeAnimation,61571,11724,Java,https://github.com/MisterBooo/LeetCodeAnimation,MisterBooo,8,2020-09-30T01:43:30Z,Demonstrate all the questions on LeetCode in the form of animation.ï¼ˆç”¨åŠ¨ç”»çš„å½¢å¼å‘ˆç°è§£LeetCodeé¢˜ç›®çš„æ€è·¯ï¼‰
56,top-100-stars,awesome-go,59901,7937,Go,https://github.com/avelino/awesome-go,avelino,35,2020-12-15T18:10:23Z,"A curated list of awesome Go frameworks, libraries and software"
57,top-100-stars,angular.js,59593,28553,JavaScript,https://github.com/angular/angular.js,angular,466,2020-12-16T14:49:39Z,AngularJS - HTML enhanced for web apps!
58,top-100-stars,moby,59172,17069,Go,https://github.com/moby/moby,moby,3988,2020-12-17T10:51:30Z,Moby Project - a collaborative project for the container ecosystem to assemble container-based systems
59,top-100-stars,next.js,58551,10029,JavaScript,https://github.com/vercel/next.js,vercel,893,2020-12-17T13:09:26Z,The React Framework
60,top-100-stars,awesome-vue,57909,8138,,https://github.com/vuejs/awesome-vue,vuejs,32,2020-12-15T05:54:13Z,ğŸ‰ A curated list of awesome things related to Vue.js
61,top-100-stars,thefuck,57865,2799,Python,https://github.com/nvbn/thefuck,nvbn,246,2020-11-18T09:43:13Z,Magnificent app which corrects your previous console command.
62,top-100-stars,webpack,56765,7448,JavaScript,https://github.com/webpack/webpack,webpack,373,2020-12-17T12:32:37Z,"A bundler for javascript and friends. Packs many modules into a few bundled assets. Code Splitting allows for loading parts of the application on demand. Through ""loaders"", modules can be CommonJs, AMD, ES6 modules, CSS, Images, JSON, Coffeescript, LESS, ... and your custom stuff."
63,top-100-stars,nodebestpractices,56686,5464,JavaScript,https://github.com/goldbergyoni/nodebestpractices,goldbergyoni,21,2020-12-16T05:52:52Z,:white_check_mark:  The Node.js best practices list (December 2020)
64,top-100-stars,storybook,55895,5653,TypeScript,https://github.com/storybookjs/storybook,storybookjs,919,2020-12-17T09:06:28Z,"ğŸ““ The UI component explorer. Develop, document, & test for React, Vue, Angular, Ember, Web Components, & more!"
65,top-100-stars,reveal.js,54941,15239,JavaScript,https://github.com/hakimel/reveal.js,hakimel,628,2020-12-17T07:50:11Z,The HTML Presentation Framework
66,top-100-stars,redux,54898,14491,TypeScript,https://github.com/reduxjs/redux,reduxjs,47,2020-12-14T14:58:00Z,Predictable state container for JavaScript apps
67,top-100-stars,swift,54539,8743,C++,https://github.com/apple/swift,apple,291,2020-12-17T13:16:56Z,The Swift Programming Language
68,top-100-stars,jquery,54305,19686,JavaScript,https://github.com/jquery/jquery,jquery,70,2020-12-08T13:27:35Z,jQuery JavaScript Library
69,top-100-stars,django,54245,23359,Python,https://github.com/django/django,django,175,2020-12-17T09:39:50Z,The Web framework for perfectionists with deadlines.
70,top-100-stars,atom,53828,15502,JavaScript,https://github.com/atom/atom,atom,731,2020-12-17T12:54:26Z,:atom: The hackable text editor
71,top-100-stars,flask,53190,14020,Python,https://github.com/pallets/flask,pallets,22,2020-12-09T06:12:49Z,The Python micro framework for building web applications.
72,top-100-stars,FiraCode,52734,2208,Clojure,https://github.com/tonsky/FiraCode,tonsky,236,2020-12-14T20:58:39Z,Free monospaced font with programming ligatures
73,top-100-stars,elasticsearch,52714,18531,Java,https://github.com/elastic/elasticsearch,elastic,3039,2020-12-17T13:20:28Z,"Open Source, Distributed, RESTful Search Engine"
74,top-100-stars,spring-boot,52355,32290,Java,https://github.com/spring-projects/spring-boot,spring-projects,496,2020-12-17T00:55:06Z,Spring Boot
75,top-100-stars,socket.io,51986,9381,JavaScript,https://github.com/socketio/socket.io,socketio,546,2020-12-17T11:44:29Z,Realtime application framework (Node.JS server)
76,top-100-stars,realworld,51958,4445,JavaScript,https://github.com/gothinkster/realworld,gothinkster,259,2020-12-13T17:09:02Z,"""The mother of all demo apps"" â€” Exemplary fullstack Medium.com clone powered by React, Angular, Node, Django, and many more ğŸ…"
77,top-100-stars,Chart.js,51387,10741,JavaScript,https://github.com/chartjs/Chart.js,chartjs,292,2020-12-16T22:57:15Z,Simple HTML5 Charts using the <canvas> tag
78,top-100-stars,express,51206,8553,JavaScript,https://github.com/expressjs/express,expressjs,155,2020-12-07T18:17:19Z,"Fast, unopinionated, minimalist web framework for node."
79,top-100-stars,shadowsocks-windows,51159,15936,C#,https://github.com/shadowsocks/shadowsocks-windows,shadowsocks,22,2020-12-16T15:12:59Z,"If you want to keep a secret, you must also hide it from yourself."
80,top-100-stars,awesome-selfhosted,51152,4057,JavaScript,https://github.com/awesome-selfhosted/awesome-selfhosted,awesome-selfhosted,86,2020-12-16T20:11:35Z,A list of Free Software network services and web applications which can be hosted locally. Selfhosting is the process of hosting and managing applications instead of renting from Software-as-a-Service providers
81,top-100-stars,json-server,51100,4811,JavaScript,https://github.com/typicode/json-server,typicode,571,2020-12-12T01:17:18Z,Get a full fake REST API with zero coding in less than 30 seconds (seriously)
82,top-100-stars,opencv,50920,41647,C++,https://github.com/opencv/opencv,opencv,1854,2020-12-17T12:15:18Z,Open Source Computer Vision Library
83,top-100-stars,architect-awesome,50740,15773,,https://github.com/xingshaocheng/architect-awesome,xingshaocheng,56,2020-11-30T06:53:46Z,åç«¯æ¶æ„å¸ˆæŠ€æœ¯å›¾è°±
84,top-100-stars,advanced-java,50496,14017,Java,https://github.com/doocs/advanced-java,doocs,1,2020-12-07T01:21:24Z,ğŸ˜® äº’è”ç½‘ Java å·¥ç¨‹å¸ˆè¿›é˜¶çŸ¥è¯†å®Œå…¨æ‰«ç›²ï¼šæ¶µç›–é«˜å¹¶å‘ã€åˆ†å¸ƒå¼ã€é«˜å¯ç”¨ã€å¾®æœåŠ¡ã€æµ·é‡æ•°æ®å¤„ç†ç­‰é¢†åŸŸçŸ¥è¯†ï¼Œåç«¯åŒå­¦å¿…çœ‹ï¼Œå‰ç«¯åŒå­¦ä¹Ÿå¯å­¦ä¹ 
85,top-100-stars,keras,50326,18683,Python,https://github.com/keras-team/keras,keras-team,3128,2020-12-16T17:35:37Z,Deep Learning for humans
86,top-100-stars,rust,50324,7396,Rust,https://github.com/rust-lang/rust,rust-lang,6602,2020-12-17T13:13:07Z,Empowering everyone to build reliable and efficient software.
87,top-100-stars,netdata,49811,4634,C,https://github.com/netdata/netdata,netdata,709,2020-12-17T13:21:43Z,"Real-time performance monitoring, done right! https://www.netdata.cloud"
88,top-100-stars,Apollo-11,49752,6601,Assembly,https://github.com/chrislgarry/Apollo-11,chrislgarry,105,2020-12-13T09:39:36Z,Original Apollo 11 Guidance Computer (AGC) source code for the command and lunar modules.
89,top-100-stars,markdown-here,49372,9226,JavaScript,https://github.com/adam-p/markdown-here,adam-p,282,2020-10-22T13:19:28Z,"Google Chrome, Firefox, and Thunderbird extension that lets you write email in Markdown and render it before sending."
90,top-100-stars,interviews,49219,10422,Java,https://github.com/kdn251/interviews,kdn251,85,2020-12-11T21:38:11Z,Everything you need to know to get the job.
91,top-100-stars,httpie,49184,3194,Python,https://github.com/httpie/httpie,httpie,145,2020-12-02T17:46:10Z,"As easy as /aitch-tee-tee-pie/ ğŸ¥§ Modern, user-friendly command-line HTTP client for the API era. JSON support, colors, sessions, downloads, plugins & more. https://twitter.com/httpie"
92,top-100-stars,hugo,48851,5524,Go,https://github.com/gohugoio/hugo,gohugoio,600,2020-12-17T08:43:19Z,The worldâ€™s fastest framework for building websites.
93,top-100-stars,Semantic-UI,48807,5106,JavaScript,https://github.com/Semantic-Org/Semantic-UI,Semantic-Org,1035,2020-10-15T13:10:57Z,Semantic is a UI component framework based around useful principles from natural language.
94,top-100-stars,html5-boilerplate,48619,11257,JavaScript,https://github.com/h5bp/html5-boilerplate,h5bp,6,2020-12-14T22:36:02Z,"A professional front-end template for building fast, robust, and adaptable web apps or sites."
95,top-100-stars,element,48541,11993,Vue,https://github.com/ElemeFE/element,ElemeFE,1815,2020-12-15T09:04:31Z,A Vue.js 2.0 UI Toolkit for Web
96,top-100-stars,gatsby,48236,9122,JavaScript,https://github.com/gatsbyjs/gatsby,gatsbyjs,567,2020-12-17T13:06:28Z,"Build blazing fast, modern apps and websites with React"
97,top-100-stars,tech-interview-handbook,48213,6789,JavaScript,https://github.com/yangshun/tech-interview-handbook,yangshun,10,2020-12-11T16:26:51Z,ğŸ’¯ Materials to help you rock your next coding interview
98,top-100-stars,awesome-machine-learning,47610,11940,Python,https://github.com/josephmisiti/awesome-machine-learning,josephmisiti,2,2020-12-14T21:54:45Z,"A curated list of awesome Machine Learning frameworks, libraries and software."
99,top-100-stars,lodash,47556,5409,JavaScript,https://github.com/lodash/lodash,lodash,183,2020-12-17T02:45:14Z,"A modern JavaScript utility library delivering modularity, performance, & extras."
100,top-100-stars,resume.github.com,47302,1213,JavaScript,https://github.com/resume/resume.github.com,resume,44,2020-12-16T05:18:28Z,Resumes generated using the GitHub informations
1,top-100-forks,datasharing,5581,231683,,https://github.com/jtleek/datasharing,jtleek,766,2020-11-25T19:34:15Z,The Leek group guide to data sharing 
2,top-100-forks,ProgrammingAssignment2,666,135089,R,https://github.com/rdpeng/ProgrammingAssignment2,rdpeng,3781,2020-12-16T03:54:12Z,Repository for Programming Assignment 2 for R Programming on Coursera
3,top-100-forks,Spoon-Knife,10356,114840,HTML,https://github.com/octocat/Spoon-Knife,octocat,16188,2020-12-17T12:55:17Z,This repo is for demonstration purposes only.
4,top-100-forks,tensorflow,151610,83523,C++,https://github.com/tensorflow/tensorflow,tensorflow,4263,2020-12-17T13:14:47Z,An Open Source Machine Learning Framework for Everyone
5,top-100-forks,SmartThingsPublic,1818,78387,Groovy,https://github.com/SmartThingsCommunity/SmartThingsPublic,SmartThingsCommunity,2612,2020-12-17T12:52:21Z,SmartThings open-source DeviceTypeHandlers and SmartApps code
6,top-100-forks,bootstrap,145871,71386,JavaScript,https://github.com/twbs/bootstrap,twbs,389,2020-12-17T13:12:46Z,"The most popular HTML, CSS, and JavaScript framework for developing responsive, mobile first projects on the web."
7,top-100-forks,gitignore,111631,60286,,https://github.com/github/gitignore,github,247,2020-12-16T23:17:16Z,A collection of useful .gitignore templates
8,top-100-forks,ExData_Plotting1,196,55095,,https://github.com/rdpeng/ExData_Plotting1,rdpeng,663,2020-12-13T09:29:12Z,Plotting Assignment 1 for Exploratory Data Analysis
9,top-100-forks,Complete-Python-3-Bootcamp,13782,48818,Jupyter Notebook,https://github.com/Pierian-Data/Complete-Python-3-Bootcamp,Pierian-Data,116,2020-12-09T06:49:35Z,Course Files for Complete Python 3 Bootcamp Course on Udemy
10,top-100-forks,cgm-remote-monitor,1358,48831,JavaScript,https://github.com/nightscout/cgm-remote-monitor,nightscout,206,2020-12-17T09:00:56Z,nightscout web monitor
11,top-100-forks,models,67668,43132,Python,https://github.com/tensorflow/models,tensorflow,1038,2020-12-17T05:59:47Z,Models and examples built with TensorFlow
12,top-100-forks,opencv,50920,41647,C++,https://github.com/opencv/opencv,opencv,1854,2020-12-17T12:15:18Z,Open Source Computer Vision Library
13,top-100-forks,coding-interview-university,147347,41388,,https://github.com/jwasham/coding-interview-university,jwasham,49,2020-12-17T08:20:34Z,A complete computer science study plan to become a software engineer.
14,top-100-forks,free-programming-books,169046,39645,,https://github.com/EbookFoundation/free-programming-books,EbookFoundation,31,2020-12-17T06:31:12Z,:books: Freely available programming books
15,top-100-forks,Python-100-Days,97134,38971,Python,https://github.com/jackfrued/Python-100-Days,jackfrued,513,2020-12-17T08:45:16Z,Python - 100å¤©ä»æ–°æ‰‹åˆ°å¤§å¸ˆ
16,top-100-forks,tutorials,24097,38591,Java,https://github.com/eugenp/tutorials,eugenp,30,2020-12-17T13:11:02Z,"Just Announced - ""Learn Spring Security OAuth"": "
17,top-100-forks,CS-Notes,117137,38105,Java,https://github.com/CyC2018/CS-Notes,CyC2018,52,2020-12-10T06:45:51Z,:books: æŠ€æœ¯é¢è¯•å¿…å¤‡åŸºç¡€çŸ¥è¯†ã€Leetcodeã€è®¡ç®—æœºæ“ä½œç³»ç»Ÿã€è®¡ç®—æœºç½‘ç»œã€ç³»ç»Ÿè®¾è®¡ã€Javaã€Pythonã€C++
18,top-100-forks,RepData_PeerAssessment1,83,35713,,https://github.com/rdpeng/RepData_PeerAssessment1,rdpeng,315,2020-12-11T20:46:06Z,Peer Assessment 1 for Reproducible Research
19,top-100-forks,linux,102382,34832,C,https://github.com/torvalds/linux,torvalds,324,2020-12-17T09:41:44Z,Linux kernel source tree
20,top-100-forks,first-contributions,13399,33195,,https://github.com/firstcontributions/first-contributions,firstcontributions,73,2020-12-17T12:51:18Z,ğŸš€âœ¨ Help beginners to contribute to open source projects
21,top-100-forks,JavaGuide,93799,32449,Java,https://github.com/Snailclimb/JavaGuide,Snailclimb,32,2020-12-15T16:29:51Z,ã€ŒJavaå­¦ä¹ +é¢è¯•æŒ‡å—ã€ä¸€ä»½æ¶µç›–å¤§éƒ¨åˆ† Java ç¨‹åºå‘˜æ‰€éœ€è¦æŒæ¡çš„æ ¸å¿ƒçŸ¥è¯†ã€‚å‡†å¤‡ Java é¢è¯•ï¼Œé¦–é€‰ JavaGuideï¼
22,top-100-forks,spring-boot,52355,32290,Java,https://github.com/spring-projects/spring-boot,spring-projects,496,2020-12-17T00:55:06Z,Spring Boot
23,top-100-forks,react,160729,32009,JavaScript,https://github.com/facebook/react,facebook,681,2020-12-17T08:52:28Z,"A declarative, efficient, and flexible JavaScript library for building user interfaces."
24,top-100-forks,patchwork,973,30347,HTML,https://github.com/jlord/patchwork,jlord,1619,2020-12-17T11:22:41Z,All the Git-it Workshop completers! 
25,top-100-forks,courses,3669,30258,HTML,https://github.com/DataScienceSpecialization/courses,DataScienceSpecialization,92,2020-02-18T13:58:38Z,Course materials for the Data Science Specialization: https://www.coursera.org/specialization/jhudatascience/1
26,top-100-forks,jekyll-now,7083,29971,CSS,https://github.com/barryclark/jekyll-now,barryclark,245,2020-12-17T07:11:01Z,"Build a Jekyll blog in minutes, without touching the command line."
27,top-100-forks,angular.js,59593,28553,JavaScript,https://github.com/angular/angular.js,angular,466,2020-12-16T14:49:39Z,AngularJS - HTML enhanced for web apps!
28,top-100-forks,spring-framework,40668,28072,Java,https://github.com/spring-projects/spring-framework,spring-projects,1201,2020-12-17T10:06:48Z,Spring Framework
29,top-100-forks,Python,94786,27631,Python,https://github.com/TheAlgorithms/Python,TheAlgorithms,43,2020-12-17T07:51:28Z,All Algorithms implemented in Python
30,top-100-forks,vue,176824,27554,JavaScript,https://github.com/vuejs/vue,vuejs,551,2020-12-17T09:06:25Z,"ğŸ–– Vue.js is a progressive, incrementally-adoptable JavaScript framework for building UI on the web."
31,top-100-forks,bitcoin,46592,26813,C++,https://github.com/bitcoin/bitcoin,bitcoin,972,2020-12-17T12:49:56Z,Bitcoin Core integration/staging tree
32,top-100-forks,kubernetes,72794,26326,Go,https://github.com/kubernetes/kubernetes,kubernetes,2867,2020-12-17T13:23:42Z,Production-Grade Container Scheduling and Management
33,top-100-forks,You-Dont-Know-JS,131246,26157,,https://github.com/getify/You-Dont-Know-JS,getify,117,2020-12-11T17:10:42Z,A book series on JavaScript. @YDKJS on twitter.
34,top-100-forks,three.js,65628,25984,JavaScript,https://github.com/mrdoob/three.js,mrdoob,591,2020-12-17T12:37:06Z,JavaScript 3D library.
35,top-100-forks,ant-design,65505,25704,TypeScript,https://github.com/ant-design/ant-design,ant-design,551,2020-12-17T09:59:17Z,ğŸŒˆ  A UI Design Language and React UI library
36,top-100-forks,freeCodeCamp,317730,25151,JavaScript,https://github.com/freeCodeCamp/freeCodeCamp,freeCodeCamp,319,2020-12-17T02:52:12Z,freeCodeCamp.org's open source codebase and curriculum. Learn to code at home.
37,top-100-forks,DefinitelyTyped,31348,23452,TypeScript,https://github.com/DefinitelyTyped/DefinitelyTyped,DefinitelyTyped,3788,2020-12-17T12:59:50Z,The repository for high quality TypeScript type definitions.
38,top-100-forks,frontend-nanodegree-resume,1100,23398,JavaScript,https://github.com/udacity/frontend-nanodegree-resume,udacity,4,2020-10-03T12:52:37Z,This repository is used for one of the projects in Udacity's Front-End Web Developer Nanodegree program. Learn how to become a Front-End Developer today with line-by-line code reviewed projects and get a job with career services!
39,top-100-forks,django,54245,23359,Python,https://github.com/django/django,django,175,2020-12-17T09:39:50Z,The Web framework for perfectionists with deadlines.
40,top-100-forks,spark,28324,23052,Scala,https://github.com/apache/spark,apache,223,2020-12-17T12:24:11Z,Apache Spark - A unified analytics engine for large-scale data processing
41,top-100-forks,dubbo,34281,22737,Java,https://github.com/apache/dubbo,apache,938,2020-12-17T02:14:00Z,"Apache Dubbo is a high-performance, java based, open source RPC framework."
42,top-100-forks,vue-element-admin,63078,22445,Vue,https://github.com/PanJiaChen/vue-element-admin,PanJiaChen,857,2020-12-11T03:26:36Z,:tada: A magical vue admin                                                                https://panjiachen.github.io/vue-element-admin
43,top-100-forks,d3,94942,22423,JavaScript,https://github.com/d3/d3,d3,7,2020-12-08T22:38:37Z,"Bring data to life with SVG, Canvas and HTML. :bar_chart::chart_with_upwards_trend::tada:"
44,top-100-forks,free-programming-books-zh_CN,72923,21883,,https://github.com/justjavac/free-programming-books-zh_CN,justjavac,7,2020-11-27T03:40:07Z,:books: å…è´¹çš„è®¡ç®—æœºç¼–ç¨‹ç±»ä¸­æ–‡ä¹¦ç±ï¼Œæ¬¢è¿æŠ•ç¨¿
45,top-100-forks,recipes,69,21564,,https://github.com/LarryMad/recipes,LarryMad,2270,2020-12-16T13:34:00Z,
46,top-100-forks,ohmyzsh,120892,21164,Shell,https://github.com/ohmyzsh/ohmyzsh,ohmyzsh,706,2020-12-16T15:58:00Z,"ğŸ™ƒ  A delightful community-driven (with 1700+ contributors) framework for managing your zsh configuration. Includes nearly 300 optional plugins (rails, git, OSX, hub, capistrano, brew, ant, php, python, etc), over 140 themes to spice up your morning, and an auto-update tool so that makes it easy to keep up with the latest updates from the community."
47,top-100-forks,996.ICU,252946,21107,Rust,https://github.com/996icu/996.ICU,996icu,16788,2020-12-12T06:57:19Z,Repo for counting stars and contributing. Press F to pay respect to glorious developers.
48,top-100-forks,developer-roadmap,139971,21026,,https://github.com/kamranahmedse/developer-roadmap,kamranahmedse,52,2020-11-22T21:16:13Z,Roadmap to becoming a web developer in 2020
49,top-100-forks,system-design-primer,115314,20829,Python,https://github.com/donnemartin/system-design-primer,donnemartin,168,2020-11-29T17:54:09Z,Learn how to design large-scale systems. Prep for the system design interview.  Includes Anki flashcards.
50,top-100-forks,create-react-app,84624,20780,JavaScript,https://github.com/facebook/create-react-app,facebook,910,2020-12-16T13:37:39Z,Set up a modern web app by running one command.
51,top-100-forks,scikit-learn,43407,20746,Python,https://github.com/scikit-learn/scikit-learn,scikit-learn,2296,2020-12-17T11:54:45Z,scikit-learn: machine learning in Python
52,top-100-forks,AspNetCore.Docs,8274,20665,C#,https://github.com/dotnet/AspNetCore.Docs,dotnet,548,2020-12-17T10:48:46Z,Documentation for ASP.NET Core
53,top-100-forks,git,35286,20467,C,https://github.com/git/git,git,52,2020-12-17T06:41:11Z,Git Source Code Mirror - This is a publish-only repository and all pull requests are ignored. Please follow Documentation/SubmittingPatches procedure for any of your improvements.
54,top-100-forks,react-native,92225,20340,JavaScript,https://github.com/facebook/react-native,facebook,1250,2020-12-17T12:16:34Z,A framework for building native apps with React.
55,top-100-forks,laravel,63028,19997,PHP,https://github.com/laravel/laravel,laravel,30,2020-12-16T21:51:30Z,A PHP framework for web artisans
56,top-100-forks,javascript,102922,19985,JavaScript,https://github.com/airbnb/javascript,airbnb,121,2020-12-17T05:24:00Z,JavaScript Style Guide
57,top-100-forks,ansible,46031,19980,Python,https://github.com/ansible/ansible,ansible,1998,2020-12-17T12:12:13Z,"Ansible is a radically simple IT automation platform that makes your applications and systems easier to deploy and maintain. Automate everything from code deployment to network configuration to cloud management, in a language that approaches plain English, using SSH, with no agents to install on remote systems. https://docs.ansible.com."
58,top-100-forks,slate,31747,19925,SCSS,https://github.com/slatedocs/slate,slatedocs,24,2020-12-17T02:23:06Z,Beautiful static documentation for your API
59,top-100-forks,java-design-patterns,62523,19887,Java,https://github.com/iluwatar/java-design-patterns,iluwatar,239,2020-12-13T15:35:38Z,Design patterns implemented in Java
60,top-100-forks,jquery,54305,19686,JavaScript,https://github.com/jquery/jquery,jquery,70,2020-12-08T13:27:35Z,jQuery JavaScript Library
61,top-100-forks,shadowsocks,32893,19680,Python,https://github.com/shadowsocks/shadowsocks,shadowsocks,448,2019-11-06T02:01:03Z,
62,top-100-forks,material-ui,63617,19555,JavaScript,https://github.com/mui-org/material-ui,mui-org,452,2020-12-17T12:27:13Z,"React components for faster and simpler web development. Build your own design system, or start with Material Design."
63,top-100-forks,awesome,149074,19475,,https://github.com/sindresorhus/awesome,sindresorhus,49,2020-12-15T12:32:24Z,ğŸ˜ Awesome lists about all kinds of interesting topics
64,top-100-forks,mall,44642,19144,Java,https://github.com/macrozheng/mall,macrozheng,26,2020-12-17T04:25:07Z,mallé¡¹ç›®æ˜¯ä¸€å¥—ç”µå•†ç³»ç»Ÿï¼ŒåŒ…æ‹¬å‰å°å•†åŸç³»ç»ŸåŠåå°ç®¡ç†ç³»ç»Ÿï¼ŒåŸºäºSpringBoot+MyBatiså®ç°ï¼Œé‡‡ç”¨Dockerå®¹å™¨åŒ–éƒ¨ç½²ã€‚ å‰å°å•†åŸç³»ç»ŸåŒ…å«é¦–é¡µé—¨æˆ·ã€å•†å“æ¨èã€å•†å“æœç´¢ã€å•†å“å±•ç¤ºã€è´­ç‰©è½¦ã€è®¢å•æµç¨‹ã€ä¼šå‘˜ä¸­å¿ƒã€å®¢æˆ·æœåŠ¡ã€å¸®åŠ©ä¸­å¿ƒç­‰æ¨¡å—ã€‚ åå°ç®¡ç†ç³»ç»ŸåŒ…å«å•†å“ç®¡ç†ã€è®¢å•ç®¡ç†ã€ä¼šå‘˜ç®¡ç†ã€ä¿ƒé”€ç®¡ç†ã€è¿è¥ç®¡ç†ã€å†…å®¹ç®¡ç†ã€ç»Ÿè®¡æŠ¥è¡¨ã€è´¢åŠ¡ç®¡ç†ã€æƒé™ç®¡ç†ã€è®¾ç½®ç­‰æ¨¡å—ã€‚
65,top-100-forks,rails,47185,18926,Ruby,https://github.com/rails/rails,rails,551,2020-12-17T11:17:01Z,Ruby on Rails
66,top-100-forks,node,75413,18814,JavaScript,https://github.com/nodejs/node,nodejs,1235,2020-12-17T13:20:44Z,Node.js JavaScript runtime :sparkles::turtle::rocket::sparkles:
67,top-100-forks,keras,50326,18683,Python,https://github.com/keras-team/keras,keras-team,3128,2020-12-16T17:35:37Z,Deep Learning for humans
68,top-100-forks,caffe,31192,18666,C++,https://github.com/BVLC/caffe,BVLC,1155,2020-11-22T03:28:34Z,Caffe: a fast open framework for deep learning.
69,top-100-forks,elasticsearch,52714,18531,Java,https://github.com/elastic/elasticsearch,elastic,3039,2020-12-17T13:20:28Z,"Open Source, Distributed, RESTful Search Engine"
70,top-100-forks,redis,46532,18461,C,https://github.com/redis/redis,redis,2331,2020-12-17T12:53:04Z,"Redis is an in-memory database that persists on disk. The data model is key-value, but many different kind of values are supported: Strings, Lists, Sets, Sorted Sets, Hashes, Streams, HyperLogLogs, Bitmaps."
71,top-100-forks,angular,68795,18192,TypeScript,https://github.com/angular/angular,angular,2835,2020-12-17T09:48:05Z,One framework. Mobile & desktop.
72,top-100-forks,awesome-python,91316,17908,Python,https://github.com/vinta/awesome-python,vinta,110,2020-12-17T06:10:58Z,"A curated list of awesome Python frameworks, libraries, software and resources"
73,top-100-forks,vscode,107988,17430,TypeScript,https://github.com/microsoft/vscode,microsoft,4282,2020-12-17T13:19:34Z,Visual Studio Code
74,top-100-forks,cpython,35098,17192,Python,https://github.com/python/cpython,python,1409,2020-12-17T13:19:59Z,The Python programming language
75,top-100-forks,JavaScript30,14277,17079,HTML,https://github.com/wesbos/JavaScript30,wesbos,9,2020-12-17T07:18:02Z,30 Day Vanilla JS Challenge
76,top-100-forks,moby,59172,17069,Go,https://github.com/moby/moby,moby,3988,2020-12-17T10:51:30Z,Moby Project - a collaborative project for the container ecosystem to assemble container-based systems
77,top-100-forks,qmk_firmware,8215,16659,C,https://github.com/qmk/qmk_firmware,qmk,629,2020-12-17T12:35:28Z,Open-source keyboard firmware for Atmel AVR and Arm USB families
78,top-100-forks,charts,14875,16519,Go,https://github.com/helm/charts,helm,176,2020-12-11T06:56:20Z,âš ï¸(OBSOLETE) Curated applications for Kubernetes
79,top-100-forks,incubator-echarts,44116,16347,TypeScript,https://github.com/apache/incubator-echarts,apache,1801,2020-12-17T08:37:22Z,"Apache ECharts (incubating) is a powerful, interactive charting and data visualization library for browser"
80,top-100-forks,COVID-19,25106,16077,,https://github.com/CSSEGISandData/COVID-19,CSSEGISandData,1604,2020-12-17T12:31:17Z,"Novel Coronavirus (COVID-19) Cases, provided by JHU CSSE"
81,top-100-forks,shadowsocks-windows,51159,15936,C#,https://github.com/shadowsocks/shadowsocks-windows,shadowsocks,22,2020-12-16T15:12:59Z,"If you want to keep a secret, you must also hide it from yourself."
82,top-100-forks,architect-awesome,50740,15773,,https://github.com/xingshaocheng/architect-awesome,xingshaocheng,56,2020-11-30T06:53:46Z,åç«¯æ¶æ„å¸ˆæŠ€æœ¯å›¾è°±
83,top-100-forks,2048,10680,15710,CSS,https://github.com/gabrielecirulli/2048,gabrielecirulli,106,2020-02-17T01:48:43Z,A small clone of 1024 (https://play.google.com/store/apps/details?id=com.veewo.a1024)
84,top-100-forks,game-of-life,1905,15697,HTML,https://github.com/wakaleo/game-of-life,wakaleo,189,2020-12-14T00:41:20Z,Demo application for the 'Jenkins: The Definitive Guide' book
85,top-100-forks,AdminLTE,37110,15563,JavaScript,https://github.com/ColorlibHQ/AdminLTE,ColorlibHQ,53,2020-12-17T13:09:23Z,AdminLTE - Free admin dashboard template based on Bootstrap 4
86,top-100-forks,atom,53828,15502,JavaScript,https://github.com/atom/atom,atom,731,2020-12-17T12:54:26Z,:atom: The hackable text editor
87,top-100-forks,flutter,108983,15374,Dart,https://github.com/flutter/flutter,flutter,8240,2020-12-17T12:06:55Z,Flutter makes it easy and fast to build beautiful apps for mobile and beyond.
88,top-100-forks,darknet,19534,15337,C,https://github.com/pjreddie/darknet,pjreddie,1783,2020-12-15T04:10:23Z,Convolutional Neural Networks
89,top-100-forks,reveal.js,54941,15239,JavaScript,https://github.com/hakimel/reveal.js,hakimel,628,2020-12-17T07:50:11Z,The HTML Presentation Framework
90,top-100-forks,animate.css,68625,15137,CSS,https://github.com/animate-css/animate.css,animate-css,8,2020-12-16T09:31:17Z,ğŸ¿ A cross-browser library of CSS animations. As easy to use as an easy thing.
91,top-100-forks,javascript-algorithms,90014,15057,JavaScript,https://github.com/trekhleb/javascript-algorithms,trekhleb,184,2020-12-17T09:51:21Z,ğŸ“ Algorithms and data structures implemented in JavaScript with explanations and links to further readings
92,top-100-forks,TensorFlow-Examples,39497,14710,Jupyter Notebook,https://github.com/aymericdamien/TensorFlow-Examples,aymericdamien,205,2020-12-05T10:49:47Z,TensorFlow Tutorial and Examples for Beginners (support TF v1 & v2)
93,top-100-forks,course-collaboration-travel-plans,999,14695,CSS,https://github.com/udacity/course-collaboration-travel-plans,udacity,8307,2020-12-17T12:16:08Z,
94,top-100-forks,fucking-algorithm,76538,14541,,https://github.com/labuladong/fucking-algorithm,labuladong,105,2020-12-16T00:21:24Z,"åˆ·ç®—æ³•å…¨é å¥—è·¯ï¼Œè®¤å‡† labuladong å°±å¤Ÿäº†ï¼English version supported! Crack LeetCode, not only how, but also why. "
95,top-100-forks,redux,54898,14491,TypeScript,https://github.com/reduxjs/redux,reduxjs,47,2020-12-14T14:58:00Z,Predictable state container for JavaScript apps
96,top-100-forks,SecLists,28771,14396,PHP,https://github.com/danielmiessler/SecLists,danielmiessler,26,2020-12-08T13:55:46Z,"SecLists is the security tester's companion. It's a collection of multiple types of lists used during security assessments, collected in one place. List types include usernames, passwords, URLs, sensitive data patterns, fuzzing payloads, web shells, and many more."
97,top-100-forks,flask,53190,14020,Python,https://github.com/pallets/flask,pallets,22,2020-12-09T06:12:49Z,The Python micro framework for building web applications.
98,top-100-forks,advanced-java,50496,14017,Java,https://github.com/doocs/advanced-java,doocs,1,2020-12-07T01:21:24Z,ğŸ˜® äº’è”ç½‘ Java å·¥ç¨‹å¸ˆè¿›é˜¶çŸ¥è¯†å®Œå…¨æ‰«ç›²ï¼šæ¶µç›–é«˜å¹¶å‘ã€åˆ†å¸ƒå¼ã€é«˜å¯ç”¨ã€å¾®æœåŠ¡ã€æµ·é‡æ•°æ®å¤„ç†ç­‰é¢†åŸŸçŸ¥è¯†ï¼Œåç«¯åŒå­¦å¿…çœ‹ï¼Œå‰ç«¯åŒå­¦ä¹Ÿå¯å­¦ä¹ 
99,top-100-forks,todomvc,27085,13878,JavaScript,https://github.com/tastejs/todomvc,tastejs,166,2020-11-17T22:42:55Z,"Helping you select an MV* framework - Todo apps for React.js, Ember.js, Angular, and many more"
100,top-100-forks,odoo,19986,13459,JavaScript,https://github.com/odoo/odoo,odoo,3600,2020-12-17T13:17:49Z,Odoo. Open Source Apps To Grow Your Business.
1,Java,JavaGuide,93799,32449,Java,https://github.com/Snailclimb/JavaGuide,Snailclimb,32,2020-12-15T16:29:51Z,ã€ŒJavaå­¦ä¹ +é¢è¯•æŒ‡å—ã€ä¸€ä»½æ¶µç›–å¤§éƒ¨åˆ† Java ç¨‹åºå‘˜æ‰€éœ€è¦æŒæ¡çš„æ ¸å¿ƒçŸ¥è¯†ã€‚å‡†å¤‡ Java é¢è¯•ï¼Œé¦–é€‰ JavaGuideï¼
2,Java,elasticsearch,52714,18531,Java,https://github.com/elastic/elasticsearch,elastic,3039,2020-12-17T13:20:28Z,"Open Source, Distributed, RESTful Search Engine"
3,Java,spring-boot,52355,32290,Java,https://github.com/spring-projects/spring-boot,spring-projects,496,2020-12-17T00:55:06Z,Spring Boot
4,Java,mall,44642,19144,Java,https://github.com/macrozheng/mall,macrozheng,26,2020-12-17T04:25:07Z,mallé¡¹ç›®æ˜¯ä¸€å¥—ç”µå•†ç³»ç»Ÿï¼ŒåŒ…æ‹¬å‰å°å•†åŸç³»ç»ŸåŠåå°ç®¡ç†ç³»ç»Ÿï¼ŒåŸºäºSpringBoot+MyBatiså®ç°ï¼Œé‡‡ç”¨Dockerå®¹å™¨åŒ–éƒ¨ç½²ã€‚ å‰å°å•†åŸç³»ç»ŸåŒ…å«é¦–é¡µé—¨æˆ·ã€å•†å“æ¨èã€å•†å“æœç´¢ã€å•†å“å±•ç¤ºã€è´­ç‰©è½¦ã€è®¢å•æµç¨‹ã€ä¼šå‘˜ä¸­å¿ƒã€å®¢æˆ·æœåŠ¡ã€å¸®åŠ©ä¸­å¿ƒç­‰æ¨¡å—ã€‚ åå°ç®¡ç†ç³»ç»ŸåŒ…å«å•†å“ç®¡ç†ã€è®¢å•ç®¡ç†ã€ä¼šå‘˜ç®¡ç†ã€ä¿ƒé”€ç®¡ç†ã€è¿è¥ç®¡ç†ã€å†…å®¹ç®¡ç†ã€ç»Ÿè®¡æŠ¥è¡¨ã€è´¢åŠ¡ç®¡ç†ã€æƒé™ç®¡ç†ã€è®¾ç½®ç­‰æ¨¡å—ã€‚
5,Java,RxJava,43900,7308,Java,https://github.com/ReactiveX/RxJava,ReactiveX,12,2020-12-15T07:59:03Z,RxJava â€“ Reactive Extensions for the JVM â€“ a library for composing asynchronous and event-based programs using observable sequences for the Java VM.
6,Java,spring-framework,40668,28072,Java,https://github.com/spring-projects/spring-framework,spring-projects,1201,2020-12-17T10:06:48Z,Spring Framework
7,Java,retrofit,37147,6746,Java,https://github.com/square/retrofit,square,130,2020-12-11T00:28:10Z,A type-safe HTTP client for Android and the JVM
8,Java,dubbo,34281,22737,Java,https://github.com/apache/dubbo,apache,938,2020-12-17T02:14:00Z,"Apache Dubbo is a high-performance, java based, open source RPC framework."
9,Java,Java,32904,11410,Java,https://github.com/TheAlgorithms/Java,TheAlgorithms,764,2020-12-14T09:15:53Z,All Algorithms implemented in Java
10,Java,MPAndroidChart,32419,8218,Java,https://github.com/PhilJay/MPAndroidChart,PhilJay,1891,2020-12-08T08:57:53Z,"A powerful ğŸš€ Android chart view / graph view library, supporting line- bar- pie- radar- bubble- and candlestick charts as well as scaling, panning and animations."
11,Java,glide,30371,5551,Java,https://github.com/bumptech/glide,bumptech,182,2020-12-17T11:49:25Z,An image loading and caching library for Android focused on smooth scrolling
12,Java,GitHub-Chinese-Top-Charts,27072,3779,Java,https://github.com/kon9chunkit/GitHub-Chinese-Top-Charts,kon9chunkit,84,2020-12-14T07:51:29Z,:cn: GitHubä¸­æ–‡æ’è¡Œæ¦œï¼Œå¸®åŠ©ä½ å‘ç°é«˜åˆ†ä¼˜ç§€ä¸­æ–‡é¡¹ç›®ã€æ›´é«˜æ•ˆåœ°å¸æ”¶å›½äººçš„ä¼˜ç§€ç»éªŒæˆæœï¼›æ¦œå•æ¯å‘¨æ›´æ–°ä¸€æ¬¡ï¼Œæ•¬è¯·å…³æ³¨ï¼
13,Java,proxyee-down,25559,4667,Java,https://github.com/proxyee-down-org/proxyee-down,proxyee-down-org,211,2020-08-11T09:34:25Z,httpä¸‹è½½å·¥å…·ï¼ŒåŸºäºhttpä»£ç†ï¼Œæ”¯æŒå¤šè¿æ¥åˆ†å—ä¸‹è½½
14,Java,butterknife,25543,4747,Java,https://github.com/JakeWharton/butterknife,JakeWharton,113,2020-09-04T02:00:13Z,Bind Android views and callbacks to fields and methods.
15,Java,netty,25510,12356,Java,https://github.com/netty/netty,netty,471,2020-12-17T09:24:27Z,Netty project - an event-driven asynchronous network application framework
16,Java,jadx,24492,2981,Java,https://github.com/skylot/jadx,skylot,144,2020-12-16T16:12:13Z,Dex to Java decompiler
17,Java,tutorials,24097,38591,Java,https://github.com/eugenp/tutorials,eugenp,30,2020-12-17T13:11:02Z,"Just Announced - ""Learn Spring Security OAuth"": "
18,Java,apollo,23206,8511,Java,https://github.com/ctripcorp/apollo,ctripcorp,165,2020-12-13T13:57:49Z,Apolloï¼ˆé˜¿æ³¢ç½—ï¼‰æ˜¯æºç¨‹æ¡†æ¶éƒ¨é—¨ç ”å‘çš„åˆ†å¸ƒå¼é…ç½®ä¸­å¿ƒï¼Œèƒ½å¤Ÿé›†ä¸­åŒ–ç®¡ç†åº”ç”¨ä¸åŒç¯å¢ƒã€ä¸åŒé›†ç¾¤çš„é…ç½®ï¼Œé…ç½®ä¿®æ”¹åèƒ½å¤Ÿå®æ—¶æ¨é€åˆ°åº”ç”¨ç«¯ï¼Œå¹¶ä¸”å…·å¤‡è§„èŒƒçš„æƒé™ã€æµç¨‹æ²»ç†ç­‰ç‰¹æ€§ï¼Œé€‚ç”¨äºå¾®æœåŠ¡é…ç½®ç®¡ç†åœºæ™¯ã€‚
19,Java,EventBus,23046,4554,Java,https://github.com/greenrobot/EventBus,greenrobot,136,2020-03-04T03:28:27Z,"Event bus for Android and Java that simplifies communication between Activities, Fragments, Threads, Services, etc. Less code, better quality."
20,Java,druid,22942,7528,Java,https://github.com/alibaba/druid,alibaba,1899,2020-12-16T15:01:12Z,é˜¿é‡Œå·´å·´è®¡ç®—å¹³å°äº‹ä¸šéƒ¨å‡ºå“ï¼Œä¸ºç›‘æ§è€Œç”Ÿçš„æ•°æ®åº“è¿æ¥æ± 
21,Java,fastjson,22798,6076,Java,https://github.com/alibaba/fastjson,alibaba,1534,2020-12-09T19:04:41Z,A fast JSON parser/generator for Java.  
22,Java,SmartRefreshLayout,21920,4520,Java,https://github.com/scwang90/SmartRefreshLayout,scwang90,120,2020-10-18T13:28:09Z,ğŸ”¥ä¸‹æ‹‰åˆ·æ–°ã€ä¸Šæ‹‰åŠ è½½ã€äºŒçº§åˆ·æ–°ã€æ·˜å®äºŒæ¥¼ã€RefreshLayoutã€OverScrollï¼ŒAndroidæ™ºèƒ½ä¸‹æ‹‰åˆ·æ–°æ¡†æ¶ï¼Œæ”¯æŒè¶Šç•Œå›å¼¹ã€è¶Šç•Œæ‹–åŠ¨ï¼Œå…·æœ‰æå¼ºçš„æ‰©å±•æ€§ï¼Œé›†æˆäº†å‡ åç§ç‚«é…·çš„Headerå’Œ Footerã€‚
23,Java,Hystrix,20781,4252,Java,https://github.com/Netflix/Hystrix,Netflix,382,2020-11-02T23:53:36Z,"Hystrix is a latency and fault tolerance library designed to isolate points of access to remote systems, services and 3rd party libraries, stop cascading failure and enable resilience in complex distributed systems where failure is inevitable."
24,Java,vhr,19661,8275,Java,https://github.com/lenve/vhr,lenve,151,2020-12-17T01:45:49Z,å¾®äººäº‹æ˜¯ä¸€ä¸ªå‰åç«¯åˆ†ç¦»çš„äººåŠ›èµ„æºç®¡ç†ç³»ç»Ÿï¼Œé¡¹ç›®é‡‡ç”¨SpringBoot+Vueå¼€å‘ã€‚
25,Java,selenium,19334,6083,Java,https://github.com/SeleniumHQ/selenium,SeleniumHQ,348,2020-12-17T09:41:57Z,A browser automation framework and ecosystem.
26,Java,RxAndroid,19245,2984,Java,https://github.com/ReactiveX/RxAndroid,ReactiveX,0,2020-09-30T18:52:56Z,RxJava bindings for Android
27,Java,gson,18932,3664,Java,https://github.com/google/gson,google,623,2020-12-11T21:03:16Z,A Java serialization/deserialization library to convert Java Objects into JSON and back
28,Java,jeecg-boot,17883,6868,Java,https://github.com/zhangdaiscott/jeecg-boot,zhangdaiscott,36,2020-12-17T08:55:42Z,åŸºäºä»£ç ç”Ÿæˆå™¨çš„ä½ä»£ç å¹³å°ï¼Œè¶…è¶Šä¼ ç»Ÿå•†ä¸šå¹³å°ï¼å‰åç«¯åˆ†ç¦»æ¶æ„SpringBoot 2.xï¼ŒSpringCloudï¼ŒAnt Design&Vueï¼ŒMybatis-plusï¼ŒShiroï¼ŒJWTã€‚å¼ºå¤§çš„ä»£ç ç”Ÿæˆå™¨è®©å‰åç«¯ä»£ç ä¸€é”®ç”Ÿæˆï¼Œæ— éœ€å†™ä»»ä½•ä»£ç ! å¼•é¢†æ–°ä½ä»£ç å¼€å‘æ¨¡å¼OnlineCoding->ä»£ç ç”Ÿæˆ->æ‰‹å·¥MERGEï¼Œå¸®åŠ©Javaé¡¹ç›®è§£å†³70%é‡å¤å·¥ä½œï¼Œè®©å¼€å‘æ›´å…³æ³¨ä¸šåŠ¡ï¼Œæ—¢èƒ½å¿«é€Ÿæé«˜å¼€å‘æ•ˆç‡ï¼Œå¸®åŠ©å…¬å¸èŠ‚çœæˆæœ¬ï¼ŒåŒæ—¶åˆä¸å¤±çµæ´»æ€§ã€‚
29,Java,SpringAll,17882,5362,Java,https://github.com/wuyouzhuguli/SpringAll,wuyouzhuguli,9,2020-05-13T13:44:05Z,å¾ªåºæ¸è¿›ï¼Œå­¦ä¹ Spring Bootã€Spring Boot & Shiroã€Spring Batchã€Spring Cloudã€Spring Cloud Alibabaã€Spring Security & Spring Security OAuth2ï¼Œåšå®¢Springç³»åˆ—æºç ï¼šhttps://mrbird.cc
30,Java,picasso,17777,4007,Java,https://github.com/square/picasso,square,212,2020-11-02T17:08:54Z,A powerful image downloading and caching library for Android
31,Java,kafka,17575,9382,Java,https://github.com/apache/kafka,apache,776,2020-12-17T13:17:47Z,Mirror of Apache Kafka
32,Java,miaosha,17521,4406,Java,https://github.com/qiurunze123/miaosha,qiurunze123,38,2020-12-15T04:18:30Z,â­â­â­â­ç§’æ€ç³»ç»Ÿè®¾è®¡ä¸å®ç°.äº’è”ç½‘å·¥ç¨‹å¸ˆè¿›é˜¶ä¸åˆ†æğŸ™‹ğŸ“
33,Java,xxl-job,16680,7148,Java,https://github.com/xuxueli/xxl-job,xuxueli,376,2020-12-15T07:25:38Z,A distributed task scheduling framework.ï¼ˆåˆ†å¸ƒå¼ä»»åŠ¡è°ƒåº¦å¹³å°XXL-JOBï¼‰
34,Java,jenkins,16615,6599,Java,https://github.com/jenkinsci/jenkins,jenkinsci,63,2020-12-17T12:13:47Z,Jenkins automation server
35,Java,skywalking,15552,4564,Java,https://github.com/apache/skywalking,apache,66,2020-12-17T12:14:37Z,"APM, Application Performance Monitoring System"
36,Java,tinker,15529,3109,Java,https://github.com/Tencent/tinker,Tencent,349,2020-12-11T08:56:56Z,"Tinker is a hot-fix solution library for Android, it supports dex, library and resources update without reinstall apk."
37,Java,redisson,15200,3715,Java,https://github.com/redisson/redisson,redisson,208,2020-12-16T10:28:36Z,"Redisson - Redis Java client with features of In-Memory Data Grid. Over 50 Redis based Java objects and services: Set, Multimap, SortedSet, Map, List, Queue, Deque, Semaphore, Lock, AtomicLong, Map Reduce, Publish / Subscribe, Bloom filter, Spring Cache, Tomcat, Scheduler, JCache API, Hibernate, MyBatis, RPC, local cache ..."
38,Java,flink,14950,8229,Java,https://github.com/apache/flink,apache,463,2020-12-17T13:24:06Z,Apache Flink
39,Java,mybatis-3,14760,9919,Java,https://github.com/mybatis/mybatis-3,mybatis,159,2020-12-15T16:13:47Z,MyBatis SQL mapper framework for Java
40,Java,Android-CleanArchitecture,14640,3263,Java,https://github.com/android10/Android-CleanArchitecture,android10,143,2020-09-30T19:55:06Z,This is a sample app that is part of a series of blog posts I have written about how to architect an android application using Uncle Bob's clean architecture approach.
41,Java,graal,14174,1056,Java,https://github.com/oracle/graal,oracle,696,2020-12-17T13:20:39Z,GraalVM: Run Programs Faster Anywhere :rocket:
42,Java,FizzBuzzEnterpriseEdition,13855,612,Java,https://github.com/EnterpriseQualityCoding/FizzBuzzEnterpriseEdition,EnterpriseQualityCoding,318,2020-12-14T11:37:41Z,FizzBuzz Enterprise Edition is a no-nonsense implementation of FizzBuzz made by serious businessmen for serious business purposes.
43,Java,zipkin,13811,2616,Java,https://github.com/openzipkin/zipkin,openzipkin,139,2020-12-13T00:21:18Z,Zipkin is a distributed tracing system
44,Java,springboot-learning-example,13779,6651,Java,https://github.com/JeffLi1993/springboot-learning-example,JeffLi1993,45,2020-11-19T16:48:54Z,spring boot å®è·µå­¦ä¹ æ¡ˆä¾‹ï¼Œæ˜¯ spring boot åˆå­¦è€…åŠæ ¸å¿ƒæŠ€æœ¯å·©å›ºçš„æœ€ä½³å®è·µã€‚å¦å¤–å†™åšå®¢ï¼Œç”¨ OpenWriteã€‚
45,Java,lottie-react-native,13644,1473,Java,https://github.com/lottie-react-native/lottie-react-native,lottie-react-native,110,2020-12-11T02:57:19Z,Lottie wrapper for React Native.
46,Java,CircleImageView,13626,3016,Java,https://github.com/hdodenhof/CircleImageView,hdodenhof,7,2020-11-28T10:40:26Z,A circular ImageView for Android
47,Java,disruptor,13280,3277,Java,https://github.com/LMAX-Exchange/disruptor,LMAX-Exchange,13,2020-12-04T17:38:22Z,High Performance Inter-Thread Messaging Library
48,Java,eladmin,13109,4841,Java,https://github.com/elunez/eladmin,elunez,2,2020-12-15T05:33:22Z,é¡¹ç›®åŸºäº Spring Boot 2.1.0 ã€ Jpaã€ Spring Securityã€redisã€Vueçš„å‰åç«¯åˆ†ç¦»çš„åå°ç®¡ç†ç³»ç»Ÿï¼Œé¡¹ç›®é‡‡ç”¨åˆ†æ¨¡å—å¼€å‘æ–¹å¼ï¼Œ æƒé™æ§åˆ¶é‡‡ç”¨ RBACï¼Œæ”¯æŒæ•°æ®å­—å…¸ä¸æ•°æ®æƒé™ç®¡ç†ï¼Œæ”¯æŒä¸€é”®ç”Ÿæˆå‰åç«¯ä»£ç ï¼Œæ”¯æŒåŠ¨æ€è·¯ç”±
49,Java,rocketmq,13066,7103,Java,https://github.com/apache/rocketmq,apache,321,2020-12-16T02:07:59Z,Mirror of Apache RocketMQ
50,Java,shardingsphere,12998,4383,Java,https://github.com/apache/shardingsphere,apache,149,2020-12-17T13:13:52Z,Distributed database middleware
51,Java,QMUI_Android,12508,2411,Java,https://github.com/Tencent/QMUI_Android,Tencent,336,2020-12-16T10:23:48Z,æé«˜ Android UI å¼€å‘æ•ˆç‡çš„ UI åº“
52,Java,SpringBoot-Learning,12500,4185,Java,https://github.com/dyc87112/SpringBoot-Learning,dyc87112,47,2020-12-17T08:11:47Z,Spring BootåŸºç¡€æ•™ç¨‹ï¼ŒSpring Boot 2.xç‰ˆæœ¬è¿è½½ä¸­ï¼ï¼ï¼
53,Java,Luban,12222,2075,Java,https://github.com/Curzibn/Luban,Curzibn,136,2019-09-12T02:26:37Z,Luban(é²ç­)â€”Image compression with efficiency very close to WeChat Moments/å¯èƒ½æ˜¯æœ€æ¥è¿‘å¾®ä¿¡æœ‹å‹åœˆçš„å›¾ç‰‡å‹ç¼©ç®—æ³•
54,Java,stetho,12133,1117,Java,https://github.com/facebookarchive/stetho,facebookarchive,74,2020-10-14T12:23:01Z,"Stetho is a debug bridge for Android applications, enabling the powerful Chrome Developer Tools and much more."
55,Java,deeplearning4j,11883,4868,Java,https://github.com/eclipse/deeplearning4j,eclipse,973,2020-12-09T09:29:00Z,"Eclipse Deeplearning4j, ND4J, DataVec and more - deep learning & linear algebra for Java/Scala with GPUs + Spark"
56,Java,bytecode-viewer,11776,841,Java,https://github.com/Konloch/bytecode-viewer,Konloch,63,2020-07-26T01:45:10Z,"A Java 8+ Jar & Android APK Reverse Engineering Suite (Decompiler, Editor, Debugger & More)"
57,Java,AndroidViewAnimations,11619,2365,Java,https://github.com/daimajia/AndroidViewAnimations,daimajia,57,2020-08-30T15:10:57Z,Cute view animation collection.
58,Java,vert.x,11613,1749,Java,https://github.com/eclipse-vertx/vert.x,eclipse-vertx,265,2020-12-16T09:54:48Z,Vert.x is a tool-kit for building reactive applications on the JVM
59,Java,material-components-android,11612,2205,Java,https://github.com/material-components/material-components-android,material-components,555,2020-12-16T20:30:44Z,Modular and customizable Material Design UI components for Android
60,Java,presto,11471,3930,Java,https://github.com/prestodb/presto,prestodb,960,2020-12-17T02:20:32Z,The official home of the Presto distributed SQL query engine for big data
61,Java,mockito,11320,2010,Java,https://github.com/mockito/mockito,mockito,284,2020-12-17T13:15:56Z,Most popular Mocking framework for unit tests written in Java
62,Java,androidannotations,11111,2447,Java,https://github.com/androidannotations/androidannotations,androidannotations,45,2020-11-19T20:37:14Z,Fast Android Development. Easy maintainance.
63,Java,pinpoint,11043,3321,Java,https://github.com/pinpoint-apm/pinpoint,pinpoint-apm,169,2020-12-17T02:48:51Z,"APM, (Application Performance Management) tool for large-scale distributed systems. "
64,Java,VirtualXposed,10987,1935,Java,https://github.com/android-hacker/VirtualXposed,android-hacker,52,2020-12-15T08:00:54Z,"A simple app to use Xposed without root, unlock the bootloader or modify system image, etc."
65,Java,Arduino,10919,6767,Java,https://github.com/arduino/Arduino,arduino,960,2020-12-15T10:17:30Z,open-source electronics platform
66,Java,vlayout,10637,1801,Java,https://github.com/alibaba/vlayout,alibaba,188,2020-07-07T02:01:19Z,"Project vlayout is a powerfull LayoutManager extension for RecyclerView, it provides a group of layouts for RecyclerView. Make it able to handle a complicate situation when grid, list and other layouts in the same recyclerview. "
67,Java,druid,10358,2785,Java,https://github.com/apache/druid,apache,1022,2020-12-17T08:33:42Z,Apache Druid: a high performance real-time analytics database.
68,Java,zuul,10240,1969,Java,https://github.com/Netflix/zuul,Netflix,215,2020-12-17T00:55:11Z,"Zuul is a gateway service that provides dynamic routing, monitoring, resiliency, security, and more."
69,Java,FlycoTabLayout,10143,2226,Java,https://github.com/H07000223/FlycoTabLayout,H07000223,347,2020-09-27T06:20:53Z,An Android TabLayout Lib
70,Java,jib,10078,994,Java,https://github.com/GoogleContainerTools/jib,GoogleContainerTools,125,2020-12-17T05:23:50Z,ğŸ— Build container images for your Java applications.
71,Java,eureka,10043,2960,Java,https://github.com/Netflix/eureka,Netflix,22,2020-12-01T19:49:02Z,AWS Service registry for resilient mid-tier load balancing and failover.
72,Java,RxPermissions,9987,1236,Java,https://github.com/tbruyelle/RxPermissions,tbruyelle,83,2020-09-13T13:59:20Z,Android runtime permissions powered by RxJava2
73,Java,FileDownloader,9973,2027,Java,https://github.com/lingochamp/FileDownloader,lingochamp,122,2020-11-28T10:22:02Z,Multitaskã€MultiThread(MultiConnection)ã€Breakpoint-resumeã€High-concurrencyã€Simple to useã€Single/NotSingle-process
74,Java,Mybatis-PageHelper,9935,2812,Java,https://github.com/pagehelper/Mybatis-PageHelper,pagehelper,153,2020-12-06T19:29:55Z,Mybatisé€šç”¨åˆ†é¡µæ’ä»¶
75,Java,lombok,9837,1883,Java,https://github.com/rzwitserloot/lombok,rzwitserloot,657,2020-12-15T22:50:45Z,Very spicy additions to the Java programming language.
76,Java,android-Ultra-Pull-To-Refresh,9711,2765,Java,https://github.com/liaohuqiu/android-Ultra-Pull-To-Refresh,liaohuqiu,172,2020-04-10T05:12:58Z,Ultra Pull to Refresh for Android. Support all the views.
77,Java,Fragmentation,9612,2109,Java,https://github.com/YoKeyword/Fragmentation,YoKeyword,189,2020-11-20T09:56:26Z,[DEPRECATED] A powerful library that manage Fragment for Android
78,Java,Android-ObservableScrollView,9585,2120,Java,https://github.com/ksoichiro/Android-ObservableScrollView,ksoichiro,177,2017-08-09T11:37:19Z,Android library to observe scroll events on scrollable views.
79,Java,PocketHub,9487,3601,Java,https://github.com/pockethub/PocketHub,pockethub,122,2020-10-01T10:10:09Z,PocketHub Android App
80,Java,jd-gui,9431,1797,Java,https://github.com/java-decompiler/jd-gui,java-decompiler,139,2020-12-02T19:00:54Z,A standalone Java Decompiler GUI
81,Java,platform_frameworks_base,9418,5835,Java,https://github.com/aosp-mirror/platform_frameworks_base,aosp-mirror,0,2020-12-15T08:22:28Z,
82,Java,AndroidSlidingUpPanel,9179,2327,Java,https://github.com/umano/AndroidSlidingUpPanel,umano,304,2019-10-26T22:08:21Z,This library provides a simple way to add a draggable sliding up panel (popularized by Google Music and Google Maps) to your Android application. Brought to you by Umano.
83,Java,MaterialDesignLibrary,9141,2352,Java,https://github.com/navasmdc/MaterialDesignLibrary,navasmdc,264,2019-10-16T07:58:26Z,This is a library with components of Android L to you use in android 2.2
84,Java,glide-transformations,9103,1328,Java,https://github.com/wasabeef/glide-transformations,wasabeef,43,2020-12-02T07:56:18Z,An Android transformation library providing a variety of image transformations for Glide.
85,Java,antlr4,9006,2157,Java,https://github.com/antlr/antlr4,antlr,619,2020-12-14T01:13:24Z,"ANTLR (ANother Tool for Language Recognition) is a powerful parser generator for reading, processing, executing, or translating structured text or binary files."
86,Java,Auto.js,8983,2554,Java,https://github.com/hyb1996/Auto.js,hyb1996,142,2020-10-06T20:05:58Z,"A UiAutomator on android, does not need root access(å®‰å“å¹³å°ä¸Šçš„JavaScriptè‡ªåŠ¨åŒ–å·¥å…·)"
87,Java,spark,8940,1505,Java,https://github.com/perwendel/spark,perwendel,208,2020-11-18T20:41:04Z,A simple expressive web framework for java. Spark has a kotlin DSL https://github.com/perwendel/spark-kotlin
88,Java,flink-learning,8935,2443,Java,https://github.com/zhisheng17/flink-learning,zhisheng17,0,2020-11-11T09:17:53Z,flink learning blog. http://www.flink-learning.com  å« Flink å…¥é—¨ã€æ¦‚å¿µã€åŸç†ã€å®æˆ˜ã€æ€§èƒ½è°ƒä¼˜ã€æºç è§£æç­‰å†…å®¹ã€‚æ¶‰åŠ Flink Connectorã€Metricsã€Libraryã€DataStream APIã€Table API & SQL ç­‰å†…å®¹çš„å­¦ä¹ æ¡ˆä¾‹ï¼Œè¿˜æœ‰ Flink è½åœ°åº”ç”¨çš„å¤§å‹é¡¹ç›®æ¡ˆä¾‹ï¼ˆPVUVã€æ—¥å¿—å­˜å‚¨ã€ç™¾äº¿æ•°æ®å®æ—¶å»é‡ã€ç›‘æ§å‘Šè­¦ï¼‰åˆ†äº«ã€‚æ¬¢è¿å¤§å®¶æ”¯æŒæˆ‘çš„ä¸“æ ã€Šå¤§æ•°æ®å®æ—¶è®¡ç®—å¼•æ“ Flink å®æˆ˜ä¸æ€§èƒ½ä¼˜åŒ–ã€‹
89,Java,zookeeper,8914,5626,Java,https://github.com/apache/zookeeper,apache,152,2020-12-15T21:47:55Z,Apache ZooKeeper
90,Java,SpringBoot-Labs,8863,2752,Java,https://github.com/YunaiV/SpringBoot-Labs,YunaiV,24,2020-12-12T14:58:27Z,ä¸€ä¸ªæ¶µç›–å…­ä¸ªä¸“æ ï¼šSpring Boot 2.Xã€Spring Cloudã€Spring Cloud Alibabaã€Dubboã€åˆ†å¸ƒå¼æ¶ˆæ¯é˜Ÿåˆ—ã€åˆ†å¸ƒå¼äº‹åŠ¡çš„ä»“åº“ã€‚å¸Œæœ›èƒ–å‹å°æ‰‹ä¸€æŠ–ï¼Œå³ä¸Šè§’æ¥ä¸ª Starï¼Œæ„Ÿæ© 1024
91,Java,easypermissions,8839,1343,Java,https://github.com/googlesamples/easypermissions,googlesamples,10,2020-07-16T11:35:54Z,Simplify Android M system permissions
92,Java,react-native-camera,8837,2878,Java,https://github.com/react-native-camera/react-native-camera,react-native-camera,141,2020-12-15T20:06:00Z,A Camera component for React Native. Also supports barcode scanning!
93,Java,DanmakuFlameMaster,8784,2022,Java,https://github.com/bilibili/DanmakuFlameMaster,bilibili,249,2020-02-27T08:51:28Z,Androidå¼€æºå¼¹å¹•å¼•æ“Â·çƒˆç„°å¼¹å¹•ä½¿ ï½
94,Java,clojure,8695,1325,Java,https://github.com/clojure/clojure,clojure,8,2020-12-11T19:19:51Z,The Clojure programming language
95,Java,Calligraphy,8592,1109,Java,https://github.com/chrisjenx/Calligraphy,chrisjenx,93,2019-06-18T10:41:44Z,Custom fonts in Android the easy way...
96,Java,Mycat-Server,8583,3786,Java,https://github.com/MyCATApache/Mycat-Server,MyCATApache,841,2020-12-16T06:43:17Z,
97,Java,android-gif-drawable,8583,1700,Java,https://github.com/koral--/android-gif-drawable,koral--,39,2020-11-29T01:38:01Z,Views and Drawable for displaying animated GIFs on Android
98,Java,javapoet,8556,1108,Java,https://github.com/square/javapoet,square,91,2020-12-16T08:28:50Z,A Java API for generating .java source files.
99,Java,neo4j,8427,1945,Java,https://github.com/neo4j/neo4j,neo4j,216,2020-12-14T11:22:46Z,Graphs for Everyone
100,Java,spring-boot-api-project-seed,8409,3558,Java,https://github.com/lihengming/spring-boot-api-project-seed,lihengming,104,2020-12-03T13:47:14Z,:seedling::rocket:ä¸€ä¸ªåŸºäºSpring Boot & MyBatisçš„ç§å­é¡¹ç›®ï¼Œç”¨äºå¿«é€Ÿæ„å»ºä¸­å°å‹APIã€RESTful APIé¡¹ç›®~
1,Python,system-design-primer,115314,20829,Python,https://github.com/donnemartin/system-design-primer,donnemartin,168,2020-11-29T17:54:09Z,Learn how to design large-scale systems. Prep for the system design interview.  Includes Anki flashcards.
2,Python,public-apis,104332,12725,Python,https://github.com/public-apis/public-apis,public-apis,213,2020-12-17T05:56:13Z,A collective list of free APIs for use in software and web development.
3,Python,Python-100-Days,97134,38971,Python,https://github.com/jackfrued/Python-100-Days,jackfrued,513,2020-12-17T08:45:16Z,Python - 100å¤©ä»æ–°æ‰‹åˆ°å¤§å¸ˆ
4,Python,youtube-dl,85322,2995,Python,https://github.com/ytdl-org/youtube-dl,ytdl-org,3930,2020-12-17T09:06:28Z,Command-line program to download videos from YouTube.com and other video sites
5,Python,thefuck,57865,2799,Python,https://github.com/nvbn/thefuck,nvbn,246,2020-11-18T09:43:13Z,Magnificent app which corrects your previous console command.
6,Python,django,54245,23359,Python,https://github.com/django/django,django,175,2020-12-17T09:39:50Z,The Web framework for perfectionists with deadlines.
7,Python,keras,50326,18683,Python,https://github.com/keras-team/keras,keras-team,3128,2020-12-16T17:35:37Z,Deep Learning for humans
8,Python,httpie,49184,3194,Python,https://github.com/httpie/httpie,httpie,145,2020-12-02T17:46:10Z,"As easy as /aitch-tee-tee-pie/ ğŸ¥§ Modern, user-friendly command-line HTTP client for the API era. JSON support, colors, sessions, downloads, plugins & more. https://twitter.com/httpie"
9,Python,awesome-machine-learning,47610,11940,Python,https://github.com/josephmisiti/awesome-machine-learning,josephmisiti,2,2020-12-14T21:54:45Z,"A curated list of awesome Machine Learning frameworks, libraries and software."
10,Python,ansible,46031,19980,Python,https://github.com/ansible/ansible,ansible,1998,2020-12-17T12:12:13Z,"Ansible is a radically simple IT automation platform that makes your applications and systems easier to deploy and maintain. Automate everything from code deployment to network configuration to cloud management, in a language that approaches plain English, using SSH, with no agents to install on remote systems. https://docs.ansible.com."
11,Python,requests,44152,8042,Python,https://github.com/psf/requests,psf,298,2020-12-16T19:39:47Z,"A simple, yet elegant HTTP library."
12,Python,scikit-learn,43407,20746,Python,https://github.com/scikit-learn/scikit-learn,scikit-learn,2296,2020-12-17T11:54:45Z,scikit-learn: machine learning in Python
13,Python,scrapy,39205,8947,Python,https://github.com/scrapy/scrapy,scrapy,749,2020-12-17T06:16:01Z,"Scrapy, a fast high-level web crawling & scraping framework for Python."
14,Python,big-list-of-naughty-strings,38789,1744,Python,https://github.com/minimaxir/big-list-of-naughty-strings,minimaxir,73,2020-10-06T11:10:54Z,The Big List of Naughty Strings is a list of strings which have a high probability of causing issues when used as user-input data.
15,Python,face_recognition,37708,10631,Python,https://github.com/ageitgey/face_recognition,ageitgey,560,2020-12-16T20:34:32Z,The world's simplest facial recognition api for Python and the command line
16,Python,HelloGitHub,35526,5299,Python,https://github.com/521xueweihan/HelloGitHub,521xueweihan,26,2020-12-07T09:00:36Z,:octocat: Find pearls on open-source seashore åˆ†äº« GitHub ä¸Šæœ‰è¶£ã€å…¥é—¨çº§çš„å¼€æºé¡¹ç›®
17,Python,faceswap,33617,10419,Python,https://github.com/deepfakes/faceswap,deepfakes,11,2020-12-15T22:45:32Z,Deepfakes Software For All
18,Python,shadowsocks,32893,19680,Python,https://github.com/shadowsocks/shadowsocks,shadowsocks,448,2019-11-06T02:01:03Z,
19,Python,incubator-superset,31561,6504,Python,https://github.com/apache/incubator-superset,apache,461,2020-12-17T13:17:51Z,Apache Superset is a Data Visualization and Data Exploration Platform
20,Python,XX-Net,30507,7859,Python,https://github.com/XX-net/XX-Net,XX-net,7662,2020-10-09T09:04:52Z,A proxy tool to bypass GFW.
21,Python,interview_internal_reference,29714,8147,Python,https://github.com/0voice/interview_internal_reference,0voice,22,2020-10-17T02:49:24Z,2020å¹´æœ€æ–°æ€»ç»“ï¼Œé˜¿é‡Œï¼Œè…¾è®¯ï¼Œç™¾åº¦ï¼Œç¾å›¢ï¼Œå¤´æ¡ç­‰æŠ€æœ¯é¢è¯•é¢˜ç›®ï¼Œä»¥åŠç­”æ¡ˆï¼Œä¸“å®¶å‡ºé¢˜äººåˆ†ææ±‡æ€»ã€‚
22,Python,CppCoreGuidelines,29436,3921,Python,https://github.com/isocpp/CppCoreGuidelines,isocpp,178,2020-12-17T04:17:27Z,"The C++ Core Guidelines are a set of tried-and-true guidelines, rules, and best practices about coding in C++"
23,Python,Deep-Learning-Papers-Reading-Roadmap,28900,6372,Python,https://github.com/floodsung/Deep-Learning-Papers-Reading-Roadmap,floodsung,76,2020-12-16T05:35:18Z,Deep Learning papers reading roadmap for anyone who are eager to learn this amazing tech!
24,Python,pandas,27669,11560,Python,https://github.com/pandas-dev/pandas,pandas-dev,3579,2020-12-17T11:26:22Z,"Flexible and powerful data analysis / manipulation library for Python, providing labeled data structures similar to R data.frame objects, statistical functions, and much more"
25,Python,localstack,27656,2154,Python,https://github.com/localstack/localstack,localstack,260,2020-12-17T10:07:07Z,ğŸ’»  A fully functional local AWS cloud stack. Develop and test your cloud & Serverless apps offline!
26,Python,sentry,26796,3040,Python,https://github.com/getsentry/sentry,getsentry,335,2020-12-17T13:03:31Z,"Sentry is cross-platform application monitoring, with a focus on error reporting."
27,Python,python-patterns,26556,5540,Python,https://github.com/faif/python-patterns,faif,11,2020-10-14T21:02:45Z,A collection of design patterns/idioms in Python
28,Python,jieba,24997,6026,Python,https://github.com/fxsjy/jieba,fxsjy,589,2020-12-05T18:32:32Z,ç»“å·´ä¸­æ–‡åˆ†è¯
29,Python,fastapi,24488,1667,Python,https://github.com/tiangolo/fastapi,tiangolo,585,2020-12-17T08:25:37Z,"FastAPI framework, high performance, easy to learn, fast to code, ready for production"
30,Python,Detectron,23971,5276,Python,https://github.com/facebookresearch/Detectron,facebookresearch,315,2020-08-20T17:17:26Z,"FAIR's research platform for object detection research, implementing popular algorithms like Mask R-CNN and RetinaNet."
31,Python,wtfpython,22799,2039,Python,https://github.com/satwikkansal/wtfpython,satwikkansal,40,2020-12-03T06:22:18Z,What the f*ck Python?
32,Python,cheat.sh,22678,1132,Python,https://github.com/chubin/cheat.sh,chubin,78,2020-12-14T20:36:52Z,the only cheat sheet you need
33,Python,DeepFaceLab,22343,5125,Python,https://github.com/iperov/DeepFaceLab,iperov,214,2020-12-16T14:43:33Z,DeepFaceLab is the leading software for creating deepfakes.
34,Python,Real-Time-Voice-Cloning,21824,4203,Python,https://github.com/CorentinJ/Real-Time-Voice-Cloning,CorentinJ,9,2020-11-25T22:34:16Z,Clone a voice in 5 seconds to generate arbitrary speech in real-time
35,Python,HanLP,21566,5838,Python,https://github.com/hankcs/HanLP,hankcs,17,2020-12-17T06:26:43Z,ä¸­æ–‡åˆ†è¯ è¯æ€§æ ‡æ³¨ å‘½åå®ä½“è¯†åˆ« ä¾å­˜å¥æ³•åˆ†æ è¯­ä¹‰ä¾å­˜åˆ†æ æ–°è¯å‘ç° å…³é”®è¯çŸ­è¯­æå– è‡ªåŠ¨æ‘˜è¦ æ–‡æœ¬åˆ†ç±»èšç±» æ‹¼éŸ³ç®€ç¹è½¬æ¢ è‡ªç„¶è¯­è¨€å¤„ç†
36,Python,interactive-coding-challenges,21475,3410,Python,https://github.com/donnemartin/interactive-coding-challenges,donnemartin,58,2020-12-11T15:29:16Z,120+ interactive Python coding interview challenges (algorithms and data structures).  Includes Anki flashcards.
37,Python,compose,21400,3522,Python,https://github.com/docker/compose,docker,461,2020-12-17T00:45:09Z,Define and run multi-container applications with Docker
38,Python,pipenv,21333,1570,Python,https://github.com/pypa/pipenv,pypa,471,2020-12-16T21:44:36Z, Python Development Workflow for Humans.
39,Python,ItChat,21047,4935,Python,https://github.com/littlecodersh/ItChat,littlecodersh,230,2020-11-22T19:12:56Z,A complete and graceful API for Wechat. å¾®ä¿¡ä¸ªäººå·æ¥å£ã€å¾®ä¿¡æœºå™¨äººåŠå‘½ä»¤è¡Œå¾®ä¿¡ï¼Œä¸‰åè¡Œå³å¯è‡ªå®šä¹‰ä¸ªäººå·æœºå™¨äººã€‚
40,Python,mitmproxy,20955,2692,Python,https://github.com/mitmproxy/mitmproxy,mitmproxy,296,2020-12-15T22:52:28Z,An interactive TLS-capable intercepting HTTP proxy for penetration testers and software developers.
41,Python,PayloadsAllTheThings,20236,5999,Python,https://github.com/swisskyrepo/PayloadsAllTheThings,swisskyrepo,10,2020-12-17T07:57:28Z,A list of useful payloads and bypass for Web Application Security and Pentest/CTF
42,Python,data-science-ipython-notebooks,19939,6342,Python,https://github.com/donnemartin/data-science-ipython-notebooks,donnemartin,15,2020-10-01T08:40:00Z,"Data science Python notebooks: Deep learning (TensorFlow, Theano, Caffe, Keras), scikit-learn, Kaggle, big data (Spark, Hadoop MapReduce, HDFS), matplotlib, pandas, NumPy, SciPy, Python essentials, AWS, and various command lines."
43,Python,Python,19829,9369,Python,https://github.com/geekcomputers/Python,geekcomputers,190,2020-12-15T19:45:33Z,My Python Examples
44,Python,algo,19761,1700,Python,https://github.com/trailofbits/algo,trailofbits,77,2020-12-12T15:37:36Z,Set up a personal VPN in the cloud
45,Python,airflow,19611,7630,Python,https://github.com/apache/airflow,apache,921,2020-12-17T12:55:03Z,"Apache Airflow - A platform to programmatically author, schedule, and monitor workflows"
46,Python,pytorch-tutorial,19103,6095,Python,https://github.com/yunjey/pytorch-tutorial,yunjey,74,2020-10-20T13:25:13Z,PyTorch Tutorial for Deep Learning Researchers
47,Python,Mask_RCNN,19049,9063,Python,https://github.com/matterport/Mask_RCNN,matterport,1595,2020-11-22T06:26:56Z,Mask R-CNN for object detection and instance segmentation on Keras and TensorFlow
48,Python,black,18869,1198,Python,https://github.com/psf/black,psf,373,2020-12-15T18:47:58Z,The uncompromising Python code formatter
49,Python,ML-From-Scratch,18599,3608,Python,https://github.com/eriklindernoren/ML-From-Scratch,eriklindernoren,34,2020-11-07T03:53:12Z,Machine Learning From Scratch. Bare bones NumPy implementations of machine learning models and algorithms with a focus on accessibility. Aims to cover everything from linear regression to deep learning.
50,Python,python-fire,18367,1108,Python,https://github.com/google/python-fire,google,85,2020-12-16T21:59:17Z,Python Fire is a library for automatically generating command line interfaces (CLIs) from absolutely any Python object.
51,Python,rich,17836,503,Python,https://github.com/willmcgugan/rich,willmcgugan,13,2020-12-17T10:08:49Z,Rich is a Python library for rich text and beautiful formatting in the terminal.
52,Python,redash,17818,3060,Python,https://github.com/getredash/redash,getredash,569,2020-12-16T23:39:31Z,"Make Your Company Data Driven. Connect to any data source, easily visualize, dashboard and share your data."
53,Python,python-cheatsheet,17676,3390,Python,https://github.com/gto76/python-cheatsheet,gto76,23,2020-12-14T23:40:51Z,Comprehensive Python Cheatsheet
54,Python,tqdm,16705,865,Python,https://github.com/tqdm/tqdm,tqdm,271,2020-12-17T12:54:39Z,"A Fast, Extensible Progress Bar for Python and CLI"
55,Python,hosts,16609,1492,Python,https://github.com/StevenBlack/hosts,StevenBlack,37,2020-12-14T16:27:57Z,"Consolidating and extending hosts files from several well-curated sources. You can optionally pick extensions to block pornography, social media, and other categories."
56,Python,magenta,16074,3282,Python,https://github.com/magenta/magenta,magenta,286,2020-12-03T14:10:02Z,Magenta: Music and Art Generation with Machine Intelligence
57,Python,numpy,15741,5110,Python,https://github.com/numpy/numpy,numpy,2241,2020-12-17T12:08:25Z,The fundamental package for scientific computing with Python.
58,Python,reddit,15571,2861,Python,https://github.com/reddit-archive/reddit,reddit-archive,304,2017-10-17T19:57:07Z,historical code from reddit.com
59,Python,spleeter,15031,1520,Python,https://github.com/deezer/spleeter,deezer,87,2020-12-11T12:05:57Z,Deezer source separation library including pretrained models.
60,Python,examples,14975,7025,Python,https://github.com/pytorch/examples,pytorch,284,2020-12-11T01:05:42Z,"A set of examples around pytorch in Vision, Text, Reinforcement Learning, etc."
61,Python,professional-programming,14778,1322,Python,https://github.com/charlax/professional-programming,charlax,0,2020-11-22T14:42:46Z,A collection of full-stack resources for programmers.
62,Python,cascadia-code,14625,432,Python,https://github.com/microsoft/cascadia-code,microsoft,50,2020-11-29T14:44:40Z,"This is a fun, new monospaced font that includes programming ligatures and is designed to enhance the modern look and feel of the Windows Terminal."
63,Python,locust,14572,1988,Python,https://github.com/locustio/locust,locustio,39,2020-12-16T16:09:11Z,Scalable user load testing tool written in Python
64,Python,ipython,14536,4129,Python,https://github.com/ipython/ipython,ipython,1439,2020-12-17T12:15:27Z,"Official repository for IPython itself. Other repos in the IPython organization contain things like the website, documentation builds, etc."
65,Python,Awesome-Linux-Software,14453,1511,Python,https://github.com/luong-komorebi/Awesome-Linux-Software,luong-komorebi,24,2020-12-11T23:05:14Z,"A list of awesome applications, software, tools and other materials for Linux distros. "
66,Python,CheatSheetSeries,14440,2125,Python,https://github.com/OWASP/CheatSheetSeries,OWASP,39,2020-12-06T14:15:19Z,The OWASP Cheat Sheet Series was created to provide a concise collection of high value information on specific application security topics.
67,Python,bokeh,14395,3601,Python,https://github.com/bokeh/bokeh,bokeh,601,2020-12-17T10:10:46Z,"Interactive Data Visualization in the browser, from  Python"
68,Python,sanic,14359,1304,Python,https://github.com/huge-success/sanic,huge-success,66,2020-12-14T07:23:51Z,Async Python 3.6+ web server/framework | Build fast. Run fast.
69,Python,bitcoinbook,14303,4091,Python,https://github.com/bitcoinbook/bitcoinbook,bitcoinbook,59,2020-11-25T20:21:45Z,Mastering Bitcoin 2nd Edition - Programming the Open Blockchain
70,Python,nginx-proxy,14159,2543,Python,https://github.com/nginx-proxy/nginx-proxy,nginx-proxy,671,2020-12-13T00:25:11Z,Automated nginx proxy for Docker containers using docker-gen
71,Python,ray,14106,2245,Python,https://github.com/ray-project/ray,ray-project,1192,2020-12-17T12:29:42Z,"An open source framework that provides a simple, universal API for building distributed applications. Ray is packaged with RLlib, a scalable reinforcement learning library, and Tune, a scalable hyperparameter tuning library."
72,Python,PySnooper,14065,877,Python,https://github.com/cool-RR/PySnooper,cool-RR,16,2020-12-05T14:10:17Z,Never use print for debugging again
73,Python,wechat_jump_game,13894,4554,Python,https://github.com/wangshub/wechat_jump_game,wangshub,32,2020-11-13T17:32:05Z,å¾®ä¿¡ã€Šè·³ä¸€è·³ã€‹Python è¾…åŠ©
74,Python,pytorch-CycleGAN-and-pix2pix,13819,4159,Python,https://github.com/junyanz/pytorch-CycleGAN-and-pix2pix,junyanz,303,2020-11-19T13:38:13Z,Image-to-Image Translation in PyTorch
75,Python,Paddle,13575,3364,Python,https://github.com/PaddlePaddle/Paddle,PaddlePaddle,2328,2020-12-17T13:19:22Z,PArallel Distributed Deep LEarning: Machine Learning Framework from Industrial Practice ï¼ˆã€é£æ¡¨ã€æ ¸å¿ƒæ¡†æ¶ï¼Œæ·±åº¦å­¦ä¹ &æœºå™¨å­¦ä¹ é«˜æ€§èƒ½å•æœºã€åˆ†å¸ƒå¼è®­ç»ƒå’Œè·¨å¹³å°éƒ¨ç½²ï¼‰
76,Python,dash,13530,1382,Python,https://github.com/plotly/dash,plotly,397,2020-12-17T03:02:49Z,"Analytical Web Apps for Python, R, Julia, and Jupyter. No JavaScript Required."
77,Python,wttr.in,13398,670,Python,https://github.com/chubin/wttr.in,chubin,140,2020-11-26T18:21:33Z,:partly_sunny: The right way to check the weather
78,Python,mmdetection,12895,4439,Python,https://github.com/open-mmlab/mmdetection,open-mmlab,388,2020-12-17T09:56:58Z,OpenMMLab Detection Toolbox and Benchmark
79,Python,matplotlib,12777,5542,Python,https://github.com/matplotlib/matplotlib,matplotlib,1658,2020-12-17T10:25:39Z,matplotlib: plotting with Python
80,Python,awesome-python-login-model,12607,2775,Python,https://github.com/Kr1s77/awesome-python-login-model,Kr1s77,52,2020-10-01T19:46:02Z,ğŸ˜®pythonæ¨¡æ‹Ÿç™»é™†ä¸€äº›å¤§å‹ç½‘ç«™ï¼Œè¿˜æœ‰ä¸€äº›ç®€å•çš„çˆ¬è™«ï¼Œå¸Œæœ›å¯¹ä½ ä»¬æœ‰æ‰€å¸®åŠ©â¤ï¸ï¼Œå¦‚æœå–œæ¬¢è®°å¾—ç»™ä¸ªstarå“¦ğŸŒŸ
81,Python,chinese-programmer-wrong-pronunciation,12349,1075,Python,https://github.com/shimohq/chinese-programmer-wrong-pronunciation,shimohq,74,2020-11-30T22:21:35Z,ä¸­å›½ç¨‹åºå‘˜å®¹æ˜“å‘éŸ³é”™è¯¯çš„å•è¯
82,Python,streamlit,12182,1028,Python,https://github.com/streamlit/streamlit,streamlit,526,2020-12-17T06:33:42Z,Streamlit â€” The fastest way to build data apps in Python
83,Python,python-spider,12033,4769,Python,https://github.com/Jack-Cherish/python-spider,Jack-Cherish,1,2020-11-28T01:51:27Z,:rainbow:Python3ç½‘ç»œçˆ¬è™«å®æˆ˜ï¼šæ·˜å®ã€äº¬ä¸œã€ç½‘æ˜“äº‘ã€Bç«™ã€12306ã€æŠ–éŸ³ã€ç¬”è¶£é˜ã€æ¼«ç”»å°è¯´ä¸‹è½½ã€éŸ³ä¹ç”µå½±ä¸‹è½½ç­‰
84,Python,prophet,11955,3397,Python,https://github.com/facebook/prophet,facebook,91,2020-12-08T23:35:56Z,Tool for producing high quality forecasts for time series data that has multiple seasonality with linear or non-linear growth.
85,Python,Depix,11816,1173,Python,https://github.com/beurtschipper/Depix,beurtschipper,8,2020-12-12T16:31:03Z,Recovers passwords from pixelized screenshots
86,Python,faker,11741,1332,Python,https://github.com/joke2k/faker,joke2k,135,2020-12-17T05:08:45Z,Faker is a Python package that generates fake data for you.
87,Python,magic-wormhole,11608,427,Python,https://github.com/warner/magic-wormhole,warner,126,2020-09-18T15:12:09Z,"get things from one computer to another, safely"
88,Python,gensim,11492,3876,Python,https://github.com/RaRe-Technologies/gensim,RaRe-Technologies,347,2020-11-30T16:35:17Z,Topic Modelling for Humans
89,Python,jupyter,11416,2937,Python,https://github.com/jupyter/jupyter,jupyter,177,2020-12-16T10:06:45Z,"Jupyter metapackage for installation, docs and chat"
90,Python,facenet,11353,4500,Python,https://github.com/davidsandberg/facenet,davidsandberg,508,2020-12-16T08:03:21Z,Face recognition using Tensorflow
91,Python,requests-html,11338,766,Python,https://github.com/psf/requests-html,psf,132,2020-12-05T04:48:45Z,Pythonic HTML Parsing for Humansâ„¢
92,Python,proxy_pool,11318,3197,Python,https://github.com/jhao104/proxy_pool,jhao104,228,2020-12-09T03:25:50Z,Pythonçˆ¬è™«ä»£ç†IPæ± (proxy pool)
93,Python,mkdocs,11235,1630,Python,https://github.com/mkdocs/mkdocs,mkdocs,140,2020-12-17T08:07:41Z,Project documentation with Markdown.
94,Python,py12306,11183,2960,Python,https://github.com/pjialin/py12306,pjialin,113,2020-04-08T05:15:49Z,ğŸš‚ 12306 è´­ç¥¨åŠ©æ‰‹ï¼Œæ”¯æŒé›†ç¾¤ï¼Œå¤šè´¦å·ï¼Œå¤šä»»åŠ¡è´­ç¥¨ä»¥åŠ Web é¡µé¢ç®¡ç† 
95,Python,material-theme,11088,793,Python,https://github.com/equinusocio/material-theme,equinusocio,3,2020-07-16T07:16:31Z,"Material Theme, the most epic theme for Sublime Text 3 by Mattia Astorino"
96,Python,wtfpython-cn,10930,1955,Python,https://github.com/leisurelicht/wtfpython-cn,leisurelicht,6,2020-12-17T08:50:01Z,wtfpythonçš„ä¸­æ–‡ç¿»è¯‘/æ–½å·¥ç»“æŸ/ èƒ½åŠ›æœ‰é™ï¼Œæ¬¢è¿å¸®æˆ‘æ”¹è¿›ç¿»è¯‘
97,Python,baselines,10902,3784,Python,https://github.com/openai/baselines,openai,449,2020-10-20T08:09:47Z,OpenAI Baselines: high-quality implementations of reinforcement learning algorithms
98,Python,neural-enhance,10832,1242,Python,https://github.com/alexjc/neural-enhance,alexjc,152,2020-12-09T01:05:45Z,Super Resolution for images using deep learning.
99,Python,pytorch-lightning,10800,1244,Python,https://github.com/PyTorchLightning/pytorch-lightning,PyTorchLightning,334,2020-12-17T13:22:07Z,"The lightweight PyTorch wrapper for high-performance AI research. Scale your models, not the boilerplate."
100,Python,jax,10702,908,Python,https://github.com/google/jax,google,695,2020-12-17T07:44:50Z,"Composable transformations of Python+NumPy programs: differentiate, vectorize, JIT to GPU/TPU, and more"
